sess-jxs237,2025-09-26T13:24:04.177Z,134,629.70,200.17,1,0,human
sess-bot-119,2025-09-25T16:47:57.955Z,172,611.40,160.37,4,1,bot
sess-bot-90,2025-09-25T16:47:57.884Z,72,766.38,300.51,8,4,bot
sess-1s2lvl,2025-09-26T12:33:56.458Z,278,1036.82,263.50,0,0,human
sess-rf2iup,2025-09-26T12:34:09.488Z,209,1027.93,240.80,0,0,human
sess-bot-87,2025-09-25T16:47:57.876Z,63,941.83,285.33,6,5,bot
sess-v5hm88,2025-09-26T12:42:40.471Z,285,1071.83,233.77,0,0,human
sess-bot-260,2025-09-25T16:47:58.339Z,78,334.14,187.10,6,1,bot
sess-db0lp6,2025-09-25T17:26:05.753Z,92,811.34,509.34,1,0,human
sess-e5axjr,2025-09-26T12:49:55.488Z,6,8.24,0.00,0,0,human
sess-bot-29,2025-09-25T16:47:57.744Z,164,770.11,276.47,10,0,bot
sess-m9igwv,2025-09-26T12:41:00.229Z,226,705.68,254.17,0,0,human
sess-w6uo9v,2025-09-26T15:22:05.995Z,255,3354.31,387.24,1,0,human
sess-bot-38,2025-09-25T16:47:57.766Z,58,614.10,60.96,5,5,bot
sess-244sdk,2025-09-25T17:49:54.527Z,39,1113.39,0.00,5,2,human
sess-bot-102,2025-09-25T16:47:57.912Z,15,25.73,229.00,1,4,bot
sess-bot-56,2025-09-25T16:47:57.803Z,175,144.99,274.09,10,5,bot
sess-bot-79,2025-09-25T16:47:57.856Z,178,961.25,11.13,2,2,bot
sess-igwacx,2025-09-25T17:25:38.041Z,97,2757.32,0.00,21,2,human
sess-angety,2025-09-26T12:42:59.460Z,269,1186.69,195.97,0,0,human
sess-bot-88,2025-09-25T16:47:57.879Z,110,336.30,23.91,10,5,bot
sess-bot-68,2025-09-25T16:47:57.828Z,80,661.83,153.38,4,0,bot
sess-3zsnui,2025-09-25T17:14:57.753Z,88,869.93,541.88,1,0,human
sess-bot-62,2025-09-25T16:47:57.815Z,83,549.42,284.09,0,0,bot
sess-v7yrux,2025-09-26T16:24:36.918Z,41,696.68,134.00,0,0,human
sess-ah1nha,2025-09-26T14:20:26.705Z,90,897.98,293.28,0,0,human
sess-bot-222,2025-09-25T16:47:58.255Z,137,1419.47,388.93,3,4,bot
sess-v67x7o,2025-09-26T12:44:57.932Z,192,1146.06,196.42,0,0,human
sess-bot-175,2025-09-25T16:47:58.128Z,49,1416.61,471.56,7,1,bot
sess-bot-268,2025-09-25T16:47:58.358Z,63,1140.98,412.25,2,5,bot
sess-bot-163,2025-09-25T16:47:58.092Z,91,451.93,333.57,5,3,bot
sess-ck5juf,2025-09-26T14:07:51.499Z,72,1757.93,242.93,0,0,human
sess-u6d7cj,2025-09-26T13:34:52.673Z,6,5.00,279.00,0,0,human
sess-wocgyr,2025-09-26T12:02:10.840Z,243,5476.44,0.00,24,6,human
sess-u34e4q,2025-09-26T12:47:54.099Z,169,2712.24,272.19,1,2,human
sess-4tsae7,2025-09-25T16:35:01.299Z,186,4014.10,715.88,8,4,human
sess-bot-229,2025-09-25T16:47:58.267Z,10,804.26,51.36,5,4,bot
sess-bot-292,2025-09-25T16:47:58.409Z,186,129.77,203.33,2,0,bot
sess-52slak,2025-09-26T14:18:09.782Z,64,2252.63,0.00,7,2,human
sess-k39oja,2025-09-26T15:17:39.463Z,57,171.25,218.19,0,0,human
sess-bot-40,2025-09-25T16:47:57.770Z,160,69.94,304.70,9,2,bot
sess-bot-120,2025-09-25T16:47:57.958Z,89,613.72,477.27,10,5,bot
sess-bot-423,2025-09-25T16:47:58.678Z,183,685.49,339.30,4,3,bot
sess-enk9wr,2025-09-26T12:36:41.772Z,402,7538.25,186.87,1,2,human
sess-bot-288,2025-09-25T16:47:58.402Z,200,755.58,303.81,2,1,bot
sess-bot-253,2025-09-25T16:47:58.322Z,165,770.30,380.47,6,1,bot
sess-bot-208,2025-09-25T16:47:58.221Z,193,122.56,265.00,5,4,bot
sess-nexeko,2025-09-26T13:28:00.632Z,271,2574.42,180.81,0,0,human
sess-wvvzgv,2025-09-26T13:42:56.775Z,155,891.41,182.42,1,0,human
sess-rhiy93,2025-09-26T13:18:53.226Z,206,791.23,183.06,0,0,human
sess-bot-414,2025-09-25T16:47:58.660Z,127,999.66,230.68,4,2,bot
sess-bot-226,2025-09-25T16:47:58.261Z,86,848.40,315.89,3,0,bot
sess-fbsis8,2025-09-26T16:31:20.224Z,111,875.89,2833.52,0,0,human
sess-bot-53,2025-09-25T16:47:57.795Z,159,64.67,344.89,2,0,bot
sess-bot-48,2025-09-25T16:47:57.786Z,26,994.55,237.51,9,0,bot
sess-bot-431,2025-09-25T16:47:58.698Z,38,244.78,189.92,1,3,bot
sess-a2f01a,2025-09-26T16:38:18.809Z,73,1332.79,197.41,0,2,human
sess-bot-273,2025-09-25T16:47:58.370Z,8,1307.49,10.10,6,1,bot
sess-bot-432,2025-09-25T16:47:58.700Z,34,1308.08,411.15,10,1,bot
sess-bot-254,2025-09-25T16:47:58.324Z,58,829.32,421.85,5,4,bot
sess-4ctdyl,2025-09-26T16:47:11.849Z,160,823.21,224.38,0,0,human
sess-jwdw6z,2025-09-26T14:11:37.899Z,55,1433.55,353.81,0,0,human
sess-bot-151,2025-09-25T16:47:58.056Z,141,1492.95,16.25,10,0,bot
sess-bot-377,2025-09-25T16:47:58.584Z,152,1269.01,440.95,0,4,bot
sess-ad51x4,2025-09-26T12:49:52.972Z,178,4629.19,0.00,19,22,human
sess-5g4pcw,2025-09-26T13:01:08.715Z,161,3099.48,420.97,0,2,human
sess-bot-46,2025-09-25T16:47:57.781Z,67,557.95,365.76,9,5,bot
sess-0407fz,2025-09-26T14:29:58.515Z,38,685.03,0.00,14,0,human
sess-bot-286,2025-09-25T16:47:58.397Z,135,40.14,396.75,0,2,bot
sess-441250,2025-09-26T13:17:29.295Z,116,2124.91,569.12,0,0,human
sess-bot-251,2025-09-25T16:47:58.318Z,114,496.95,15.07,1,1,bot
sess-bot-376,2025-09-25T16:47:58.581Z,40,1215.61,410.08,0,5,bot
sess-bot-75,2025-09-25T16:47:57.846Z,163,93.80,300.40,3,2,bot
sess-bot-196,2025-09-25T16:47:58.189Z,14,13.05,296.80,6,4,bot
sess-bot-223,2025-09-25T16:47:58.257Z,26,1266.70,116.11,4,3,bot
sess-ig946f,2025-09-26T14:37:01.119Z,197,3827.43,299.58,0,0,human
sess-70vejs,2025-09-25T17:27:56.800Z,173,1235.66,1009.85,0,0,human
sess-bot-201,2025-09-25T16:47:58.203Z,128,495.98,154.54,2,1,bot
sess-g1q2v8,2025-09-26T16:44:38.564Z,301,2002.00,353.76,1,0,human
sess-bot-7,2025-09-25T16:47:57.683Z,145,1389.05,469.18,2,2,bot
sess-faf74a,2025-09-26T16:45:49.030Z,212,4739.30,248.82,0,4,human
sess-bot-224,2025-09-25T16:47:58.258Z,173,998.57,418.23,0,5,bot
sess-b3cj1p,2025-09-26T13:54:35.463Z,154,1053.45,201.41,1,0,human
sess-bot-290,2025-09-25T16:47:58.405Z,199,710.34,48.63,4,2,bot
sess-fr60ta,2025-09-26T16:46:11.153Z,23,212.21,120.17,0,0,human
sess-bot-42,2025-09-25T16:47:57.774Z,138,716.22,112.29,4,2,bot
sess-2q56vk,2025-09-26T13:45:45.340Z,69,2626.31,480.80,0,0,human
sess-bot-207,2025-09-25T16:47:58.219Z,115,1155.69,72.34,7,0,bot
sess-bot-434,2025-09-25T16:47:58.705Z,80,841.77,485.19,8,0,bot
sess-bot-304,2025-09-25T16:47:58.436Z,2,1042.69,241.08,2,4,bot
sess-n6xhbk,2025-09-26T16:43:25.111Z,167,697.54,220.41,1,0,human
sess-bot-228,2025-09-25T16:47:58.265Z,185,728.27,393.95,10,1,bot
sess-y5pbg2,2025-09-26T14:22:06.721Z,119,1190.45,330.87,1,0,human
sess-hqiqtt,2025-09-26T12:49:53.344Z,7,12.31,0.00,0,0,human
sess-ov131t,2025-09-26T13:34:50.185Z,11,147.47,174.00,0,0,human
sess-z81yhf,2025-09-26T16:43:14.339Z,150,1137.03,189.78,0,0,human
sess-bot-181,2025-09-25T16:47:58.144Z,84,27.73,209.61,2,4,bot
sess-bot-282,2025-09-25T16:47:58.390Z,66,7.54,273.50,5,0,bot
sess-6cif13,2025-09-26T15:13:41.655Z,232,1416.55,897.64,0,0,human
sess-bot-218,2025-09-25T16:47:58.246Z,24,1191.96,248.33,2,0,bot
sess-qli6so,2025-09-26T12:40:02.216Z,330,1111.27,192.00,0,0,human
sess-bot-174,2025-09-25T16:47:58.125Z,56,1238.71,116.57,10,3,bot
sess-bot-413,2025-09-25T16:47:58.658Z,78,961.13,263.07,4,5,bot
sess-bot-307,2025-09-25T16:47:58.441Z,0,785.69,179.42,10,2,bot
sess-bot-98,2025-09-25T16:47:57.903Z,104,283.29,234.13,4,0,bot
sess-kk6edr,2025-09-26T15:54:58.944Z,255,4230.50,173.52,1,0,human
sess-bot-34,2025-09-25T16:47:57.758Z,132,338.55,55.38,6,1,bot
sess-11mu02,2025-09-26T13:29:40.513Z,219,2856.97,284.11,0,0,human
sess-nwihou,2025-09-26T16:25:31.403Z,142,1754.13,782.85,0,4,human
sess-d1h5se,2025-09-26T16:35:51.620Z,88,656.65,221.58,0,0,human
sess-87hypi,2025-09-26T12:49:01.102Z,220,3222.65,352.78,0,0,human
sess-laxp8h,2025-09-26T12:51:57.050Z,160,1123.94,202.49,0,0,human
sess-v4ddhl,2025-09-26T14:20:43.806Z,83,1125.00,240.97,0,0,human
sess-oqenr8,2025-09-26T15:20:42.161Z,119,757.55,347.15,0,0,human
sess-y7dvrv,2025-09-26T13:32:07.543Z,231,2661.69,388.23,0,0,human
sess-bot-239,2025-09-25T16:47:58.293Z,190,65.63,402.59,4,1,bot
sess-bot-45,2025-09-25T16:47:57.779Z,196,1238.90,490.43,10,0,bot
sess-bot-411,2025-09-25T16:47:58.655Z,109,741.74,278.91,3,5,bot
sess-qiyzzj,2025-09-26T16:39:07.165Z,179,1957.76,246.44,1,4,human
sess-67uq0o,2025-09-26T13:24:15.912Z,152,666.78,250.92,0,0,human
sess-xl07tr,2025-09-26T13:21:59.194Z,241,1272.28,1089.45,1,0,human
sess-job97z,2025-09-26T16:52:19.105Z,220,3938.32,400.52,1,4,human
sess-bot-96,2025-09-25T16:47:57.897Z,75,267.13,303.72,1,0,bot
sess-bot-276,2025-09-25T16:47:58.377Z,167,196.17,88.05,3,4,bot
sess-bot-113,2025-09-25T16:47:57.940Z,19,1018.48,461.07,7,5,bot
sess-udjbhy,2025-09-26T15:45:38.618Z,173,1089.84,226.36,0,0,human
sess-bot-404,2025-09-25T16:47:58.640Z,6,1289.07,355.31,6,5,bot
sess-bot-203,2025-09-25T16:47:58.209Z,60,1436.81,187.29,10,4,bot
sess-cs5o9u,2025-09-26T15:39:11.015Z,81,642.04,175.31,0,0,human
sess-b05cti,2025-09-26T13:34:47.856Z,12,52.73,227.00,0,0,human
sess-bot-287,2025-09-25T16:47:58.399Z,116,904.08,480.35,2,1,bot
sess-bot-232,2025-09-25T16:47:58.274Z,77,831.14,274.27,9,3,bot
sess-bot-275,2025-09-25T16:47:58.375Z,166,1406.04,266.17,7,2,bot
sess-bot-51,2025-09-25T16:47:57.791Z,74,219.08,373.41,8,1,bot
sess-bot-295,2025-09-25T16:47:58.416Z,135,505.61,233.44,6,3,bot
sess-eb3zb7,2025-09-26T12:35:21.961Z,316,962.13,236.19,1,0,human
sess-bot-387,2025-09-25T16:47:58.603Z,111,822.00,347.15,1,1,bot
sess-65tcju,2025-09-26T14:08:00.883Z,93,593.04,167.69,0,0,human
sess-bot-153,2025-09-25T16:47:58.061Z,173,988.30,372.05,2,3,bot
sess-clillb,2025-09-26T13:09:35.676Z,156,792.57,218.77,0,0,human
sess-7sc3k5,2025-09-26T13:55:56.382Z,194,4093.02,199.94,1,2,human
sess-zf63fz,2025-09-26T16:10:31.059Z,118,719.56,254.44,0,0,human
sess-bot-389,2025-09-25T16:47:58.608Z,130,758.15,484.47,3,5,bot
sess-qh2nqh,2025-09-26T12:44:34.194Z,175,907.66,245.75,0,0,human
sess-8mslwh,2025-09-26T15:38:25.787Z,27,105.95,0.00,12,0,human
sess-ju9ufp,2025-09-26T16:44:53.109Z,114,1195.35,0.00,12,2,human
sess-7oidce,2025-09-26T01:42:06.453Z,76,893.78,526.16,1,0,human
sess-bot-408,2025-09-25T16:47:58.648Z,30,238.81,461.77,0,3,bot
sess-i70nxj,2025-09-26T14:00:01.070Z,114,4612.68,0.00,18,2,human
sess-bot-178,2025-09-25T16:47:58.136Z,199,817.70,324.30,3,5,bot
sess-55feap,2025-09-26T13:33:20.495Z,123,1882.67,265.12,0,0,human
sess-h17v36,2025-09-26T15:18:04.914Z,204,2329.49,0.00,13,0,human
sess-mxpcyv,2025-09-26T13:46:18.155Z,68,2713.24,231.64,0,0,human
sess-bot-277,2025-09-25T16:47:58.379Z,68,95.29,466.17,9,2,bot
sess-bot-396,2025-09-25T16:47:58.624Z,77,1095.32,69.89,10,5,bot
sess-bot-35,2025-09-25T16:47:57.760Z,198,235.62,152.70,4,1,bot
sess-30nbk2,2025-09-26T16:30:01.703Z,613,8924.47,311.17,1,0,human
sess-bot-245,2025-09-25T16:47:58.305Z,79,221.06,22.57,3,0,bot
sess-nuvljw,2025-09-26T14:22:23.277Z,122,2890.87,265.48,0,0,human
sess-2znlu7,2025-09-26T13:58:17.414Z,56,767.22,242.43,0,0,human
sess-pl90s2,2025-09-26T13:34:46.717Z,4,3.00,136.25,0,0,human
sess-v3wv2q,2025-09-26T15:23:22.659Z,97,1049.85,0.00,12,2,human
sess-bot-36,2025-09-25T16:47:57.762Z,97,1314.34,447.02,8,2,bot
sess-bot-21,2025-09-25T16:47:57.723Z,194,1343.79,244.92,10,2,bot
sess-yr6561,2025-09-26T16:08:40.768Z,92,618.00,283.71,0,0,human
sess-bot-143,2025-09-25T16:47:58.031Z,190,1234.68,165.65,8,2,bot
sess-92818z,2025-09-26T13:12:53.305Z,170,2048.81,247.28,0,0,human
sess-bot-285,2025-09-25T16:47:58.395Z,36,202.58,111.62,5,5,bot
sess-bot-82,2025-09-25T16:47:57.864Z,101,365.60,331.97,4,1,bot
sess-r9wys5,2025-09-26T15:19:23.448Z,141,884.93,311.73,0,0,human
sess-bot-272,2025-09-25T16:47:58.367Z,48,1240.46,248.87,5,2,bot
sess-bot-22,2025-09-25T16:47:57.726Z,180,406.97,427.83,9,4,bot
sess-bot-262,2025-09-25T16:47:58.343Z,81,620.77,122.99,2,3,bot
sess-zetq2v,2025-09-26T16:10:19.196Z,110,1535.36,907.12,1,0,human
sess-ie0i8e,2025-09-26T15:38:00.823Z,170,684.39,224.30,1,0,human
sess-l7w9m6,2025-09-26T16:29:10.210Z,221,3858.34,525.43,1,0,human
sess-q3v2fl,2025-09-26T12:49:17.247Z,143,1121.43,291.97,1,0,human
sess-bot-227,2025-09-25T16:47:58.263Z,7,502.05,68.54,6,3,bot
sess-bot-199,2025-09-25T16:47:58.197Z,48,858.75,241.07,1,4,bot
sess-bot-204,2025-09-25T16:47:58.211Z,104,113.44,466.93,6,1,bot
sess-bot-138,2025-09-25T16:47:58.016Z,90,380.75,281.51,2,3,bot
sess-hyszr4,2025-09-26T14:23:00.021Z,51,842.27,239.78,0,0,human
sess-bot-136,2025-09-25T16:47:58.010Z,133,413.67,409.17,7,3,bot
sess-nvxgun,2025-09-26T16:19:02.181Z,126,693.74,267.88,1,0,human
sess-bot-246,2025-09-25T16:47:58.307Z,150,617.99,305.59,0,2,bot
sess-bot-305,2025-09-25T16:47:58.437Z,91,1144.49,120.78,6,5,bot
sess-bot-383,2025-09-25T16:47:58.594Z,108,756.69,228.86,1,2,bot
sess-fbyw0p,2025-09-26T13:16:14.814Z,254,985.70,220.18,0,0,human
sess-bot-478,2025-09-25T16:47:58.790Z,111,1063.94,156.89,6,3,bot
sess-bot-180,2025-09-25T16:47:58.142Z,67,1113.82,208.79,9,5,bot
sess-g2se4x,2025-09-26T13:12:02.310Z,132,1189.04,230.00,0,0,human
sess-b25r9u,2025-09-26T15:38:43.160Z,210,2329.76,116.94,1,0,human
sess-9a8l9u,2025-09-26T16:09:30.068Z,96,853.69,170.71,1,0,human
sess-emhbn9,2025-09-26T12:58:39.932Z,530,19597.49,6949.39,0,8,human
sess-bot-302,2025-09-25T16:47:58.432Z,149,1184.04,323.93,7,4,bot
sess-bot-274,2025-09-25T16:47:58.372Z,37,895.59,218.52,7,1,bot
sess-bot-270,2025-09-25T16:47:58.362Z,155,275.96,105.75,3,2,bot
sess-mshvrx,2025-09-26T16:09:44.146Z,72,1613.25,0.00,6,2,human
sess-bot-294,2025-09-25T16:47:58.413Z,53,373.28,311.55,2,0,bot
sess-feexd3,2025-09-26T14:37:33.241Z,157,915.74,213.39,1,0,human
sess-tm6ije,2025-09-26T16:52:38.087Z,151,882.02,309.12,0,0,human
sess-b4e6oa,2025-09-26T15:22:27.354Z,62,633.13,0.00,1,0,human
sess-kgsmgd,2025-09-26T14:11:06.824Z,115,1343.14,220.19,0,2,human
sess-bot-264,2025-09-25T16:47:58.348Z,192,766.72,263.04,10,0,bot
sess-timvv0,2025-09-26T13:50:53.852Z,108,1599.82,229.35,0,2,human
sess-bot-400,2025-09-25T16:47:58.632Z,5,1057.19,332.04,8,5,bot
sess-bot-244,2025-09-25T16:47:58.303Z,101,148.37,249.55,1,3,bot
sess-bot-265,2025-09-25T16:47:58.351Z,25,1467.96,371.15,4,4,bot
sess-bot-231,2025-09-25T16:47:58.272Z,46,1271.32,359.46,1,4,bot
sess-a4r4e4,2025-09-26T13:09:49.555Z,257,953.49,271.28,0,0,human
sess-bot-83,2025-09-25T16:47:57.867Z,23,205.54,461.55,10,2,bot
sess-bvpvhv,2025-09-26T14:18:41.886Z,164,4817.73,624.97,0,0,human
sess-zgorty,2025-09-25T16:44:33.210Z,76,588.81,429.66,0,0,human
sess-bot-149,2025-09-25T16:47:58.049Z,13,88.62,189.71,1,0,bot
sess-xga1vf,2025-09-26T16:24:19.909Z,134,707.21,254.90,0,0,human
sess-v19or5,2025-09-26T15:16:28.939Z,172,1189.23,176.89,1,0,human
sess-wky2bj,2025-09-26T15:24:02.867Z,203,687.74,190.28,1,0,human
sess-f6kk42,2025-09-26T16:21:20.640Z,83,886.56,289.23,0,0,human
sess-6re2u6,2025-09-26T13:34:36.606Z,76,912.98,286.20,0,0,human
sess-0z513f,2025-09-26T14:12:09.270Z,170,2859.94,206.15,0,0,human
sess-bot-425,2025-09-25T16:47:58.682Z,111,227.69,440.61,2,2,bot
sess-bot-422,2025-09-25T16:47:58.676Z,16,320.64,203.10,8,1,bot
sess-bot-50,2025-09-25T16:47:57.789Z,167,1495.93,116.76,2,5,bot
sess-jxev8n,2025-09-26T12:42:06.212Z,248,1457.89,375.67,1,0,human
sess-bot-256,2025-09-25T16:47:58.329Z,172,906.84,225.49,5,4,bot
sess-bot-67,2025-09-25T16:47:57.825Z,140,247.32,180.12,10,1,bot
sess-3n88f0,2025-09-26T13:30:13.551Z,127,1421.14,300.94,0,0,human
sess-bot-382,2025-09-25T16:47:58.593Z,4,1017.63,11.81,4,0,bot
sess-bot-258,2025-09-25T16:47:58.334Z,4,996.22,26.49,0,4,bot
sess-vnroaq,2025-09-25T17:26:28.848Z,25,364.34,0.00,4,0,human
sess-bot-186,2025-09-25T16:47:58.159Z,105,1163.84,146.15,10,2,bot
sess-bot-384,2025-09-25T16:47:58.596Z,136,1162.58,62.09,9,4,bot
sess-bot-485,2025-09-25T16:47:58.804Z,185,1337.54,261.74,0,1,bot
sess-6daoqu,2025-09-26T13:57:38.277Z,203,3303.12,161.93,0,0,human
sess-bot-487,2025-09-25T16:47:58.809Z,13,824.81,21.20,6,2,bot
sess-6fp7xf,2025-09-26T15:18:41.065Z,150,1252.32,564.60,1,0,human
sess-zgqd0b,2025-09-26T16:35:40.126Z,100,1384.08,721.53,0,2,human
sess-rs3hrk,2025-09-26T13:29:55.907Z,108,1030.14,343.68,1,0,human
sess-bot-462,2025-09-25T16:47:58.762Z,16,85.38,261.80,9,2,bot
sess-0a41h2,2025-09-26T13:42:34.769Z,104,718.65,191.41,0,0,human
sess-ily7ix,2025-09-26T13:28:39.100Z,241,5915.96,700.91,0,0,human
sess-3ge3tp,2025-09-26T15:38:51.534Z,15,65.32,36.00,0,0,human
sess-bot-415,2025-09-25T16:47:58.662Z,173,683.92,456.87,3,1,bot
sess-bot-470,2025-09-25T16:47:58.776Z,133,1376.97,134.35,0,3,bot
sess-bot-160,2025-09-25T16:47:58.083Z,105,913.49,407.90,4,2,bot
sess-bot-255,2025-09-25T16:47:58.326Z,193,1497.34,287.69,9,5,bot
sess-09lydr,2025-09-26T13:50:06.004Z,116,613.24,203.10,1,0,human
sess-yj566g,2025-09-26T16:51:10.328Z,420,2028.50,241.69,0,0,human
sess-8ryvru,2025-09-26T13:25:39.585Z,240,1464.66,249.47,0,0,human
sess-ht7lnj,2025-09-26T13:43:54.730Z,123,816.52,230.87,0,0,human
sess-87k2ug,2025-09-26T12:32:10.123Z,168,1849.08,186.63,1,0,human
sess-gww9m3,2025-09-26T13:30:30.104Z,133,1875.10,303.31,0,0,human
sess-g4d4vt,2025-09-26T16:35:10.510Z,205,2297.76,934.00,1,0,human
sess-u8656s,2025-09-26T13:43:21.681Z,71,690.88,184.20,1,0,human
sess-kpblxq,2025-09-26T16:46:59.627Z,156,1064.37,312.48,0,0,human
sess-jaj62t,2025-09-26T13:14:20.240Z,224,921.61,343.08,0,0,human
sess-bot-65,2025-09-25T16:47:57.822Z,26,839.99,328.22,1,0,bot
sess-qy8wtp,2025-09-26T01:45:10.395Z,112,4572.82,0.00,12,2,human
sess-oi8n4n,2025-09-26T15:38:08.980Z,223,1086.10,480.08,0,0,human
sess-bot-278,2025-09-25T16:47:58.381Z,191,471.13,461.15,7,0,bot
sess-bot-257,2025-09-25T16:47:58.332Z,151,903.36,62.73,6,0,bot
sess-sqikw5,2025-09-25T17:13:40.489Z,134,2239.76,431.22,0,2,human
sess-bot-381,2025-09-25T16:47:58.591Z,63,216.44,249.48,5,3,bot
sess-bot-266,2025-09-25T16:47:58.354Z,111,91.78,450.19,5,3,bot
sess-lswqdt,2025-09-26T15:51:17.279Z,121,3082.38,0.00,28,0,human
sess-bot-472,2025-09-25T16:47:58.780Z,152,62.16,62.39,10,3,bot
sess-bot-301,2025-09-25T16:47:58.429Z,110,1221.47,33.83,2,3,bot
sess-bot-392,2025-09-25T16:47:58.615Z,21,508.43,459.93,7,5,bot
sess-bot-95,2025-09-25T16:47:57.895Z,60,180.77,446.66,4,1,bot
sess-bot-405,2025-09-25T16:47:58.642Z,134,379.01,127.65,7,3,bot
sess-bot-248,2025-09-25T16:47:58.311Z,112,702.12,15.48,0,2,bot
sess-6pbpbc,2025-09-26T13:35:49.122Z,26,283.96,74.00,0,0,human
sess-bot-127,2025-09-25T16:47:57.975Z,185,880.65,54.92,4,5,bot
sess-bot-213,2025-09-25T16:47:58.234Z,90,1229.27,186.53,6,2,bot
sess-0xvi3g,2025-09-26T13:56:20.981Z,120,766.74,224.00,1,0,human
sess-h3bgv8,2025-09-26T12:31:54.032Z,162,2008.67,273.29,0,0,human
sess-bot-284,2025-09-25T16:47:58.393Z,13,259.13,367.47,9,0,bot
sess-bot-366,2025-09-25T16:47:58.561Z,61,1075.75,453.61,4,4,bot
sess-x1dcy9,2025-09-26T16:53:30.820Z,197,810.28,285.56,0,0,human
sess-ukq1za,2025-09-26T13:53:58.374Z,147,740.71,172.61,0,0,human
sess-deh81z,2025-09-26T12:52:14.052Z,90,1436.43,117.00,0,0,human
sess-bot-249,2025-09-25T16:47:58.314Z,45,620.50,499.50,1,5,bot
sess-asznvg,2025-09-26T13:57:49.433Z,137,978.95,228.56,0,0,human
sess-t3sebt,2025-09-26T15:56:31.419Z,115,2686.93,0.00,12,0,human
sess-bot-192,2025-09-25T16:47:58.177Z,117,832.63,204.93,7,1,bot
sess-bot-237,2025-09-25T16:47:58.289Z,195,8.12,22.13,3,1,bot
sess-bot-3,2025-09-25T16:24:51.981Z,19,742.27,365.22,6,4,bot
sess-bot-454,2025-09-25T16:47:58.747Z,175,268.32,238.51,2,4,bot
sess-bot-145,2025-09-25T16:47:58.037Z,42,650.73,147.60,2,4,bot
sess-i4hoew,2025-09-25T17:29:01.325Z,51,528.47,374.49,0,0,human
sess-bot-4,2025-09-25T16:24:51.985Z,49,411.82,131.66,5,4,bot
sess-x6sscg,2025-09-26T15:36:33.939Z,226,4158.65,187.08,0,2,human
sess-bot-1,2025-09-25T16:24:51.974Z,17,626.02,412.07,7,5,bot
sess-bot-374,2025-09-25T16:47:58.577Z,136,736.02,475.07,5,0,bot
sess-vebk1a,2025-09-26T16:45:09.267Z,124,812.15,249.13,0,0,human
sess-ruldgn,2025-09-26T12:36:18.241Z,204,1042.36,205.69,0,0,human
sess-bot-5,2025-09-25T16:24:51.988Z,34,799.85,389.61,8,3,bot
sess-0k4ks8,2025-09-26T12:45:18.298Z,139,907.66,179.45,0,0,human
sess-co88m5,2025-09-26T16:46:06.521Z,151,1809.01,297.90,1,0,human
sess-v4dl7j,2025-09-26T12:46:25.635Z,218,1688.89,261.55,1,0,human
sess-bot-159,2025-09-25T16:47:58.079Z,67,790.31,105.98,3,3,bot
sess-vzwmu5,2025-09-26T12:43:31.372Z,210,878.72,263.93,0,0,human
sess-vp3b2n,2025-09-26T13:17:02.051Z,134,1614.96,172.17,0,0,human
sess-bot-468,2025-09-25T16:47:58.773Z,49,535.95,232.45,6,0,bot
sess-xmcma2,2025-09-26T14:10:03.511Z,267,8277.67,2850.82,0,4,human
sess-bot-281,2025-09-25T16:47:58.388Z,186,372.05,32.64,8,1,bot
sess-a6nfbs,2025-09-26T14:18:11.977Z,50,931.59,0.00,6,0,human
sess-h6au16,2025-09-26T12:40:26.376Z,160,923.75,232.22,0,0,human
sess-bot-236,2025-09-25T16:47:58.287Z,171,268.73,459.21,8,0,bot
sess-bot-308,2025-09-25T16:47:58.443Z,122,339.85,389.23,5,4,bot
sess-3v6t9s,2025-09-26T12:47:26.476Z,108,961.09,211.74,1,0,human
sess-r8jclg,2025-09-26T14:36:05.146Z,104,1292.88,201.44,1,0,human
sess-bot-300,2025-09-25T16:47:58.427Z,34,824.27,420.36,6,3,bot
sess-bot-367,2025-09-25T16:47:58.563Z,86,1316.52,450.07,2,1,bot
sess-nrgcxw,2025-09-25T17:14:21.954Z,47,1212.85,0.00,0,2,human
sess-axbnob,2025-09-26T13:34:34.101Z,8,18.11,133.50,0,0,human
sess-bot-440,2025-09-25T16:47:58.716Z,168,604.42,154.75,5,0,bot
sess-bot-323,2025-09-25T16:47:58.474Z,139,594.14,291.46,4,2,bot
sess-bot-19,2025-09-25T16:47:57.720Z,104,189.51,82.23,7,0,bot
sess-bot-140,2025-09-25T16:47:58.022Z,33,591.72,84.49,5,3,bot
sess-bot-185,2025-09-25T16:47:58.156Z,78,1233.48,251.40,7,0,bot
sess-bot-346,2025-09-25T16:47:58.521Z,62,1247.93,354.80,3,4,bot
sess-uhda51,2025-09-26T14:14:21.975Z,44,377.66,363.00,1,0,human
sess-seedd9,2025-09-26T15:21:41.105Z,181,4860.02,231.51,0,0,human
sess-bot-154,2025-09-25T16:47:58.064Z,72,1456.62,23.14,4,1,bot
sess-r3i2db,2025-09-26T13:35:44.705Z,0,0.00,166.50,0,0,human
sess-bot-474,2025-09-25T16:47:58.784Z,40,224.44,125.46,10,2,bot
sess-bot-391,2025-09-25T16:47:58.612Z,136,4.35,170.88,0,5,bot
sess-laeko3,2025-09-26T15:37:49.771Z,171,1958.03,132.33,12,0,human
sess-apcg1b,2025-09-26T14:18:59.622Z,92,1687.27,342.91,0,0,human
sess-bot-353,2025-09-25T16:47:58.535Z,86,502.32,351.75,4,1,bot
sess-bot-263,2025-09-25T16:47:58.346Z,148,130.35,418.74,6,0,bot
sess-bot-475,2025-09-25T16:47:58.786Z,95,849.75,260.09,1,3,bot
sess-4m9qyw,2025-09-26T13:35:00.428Z,79,521.58,1207.00,0,2,human
sess-bot-460,2025-09-25T16:47:58.759Z,133,941.59,282.74,3,2,bot
sess-bot-289,2025-09-25T16:47:58.404Z,152,1115.46,31.86,4,4,bot
sess-bot-331,2025-09-25T16:47:58.490Z,76,1399.82,299.35,4,5,bot
sess-dgzdzl,2025-09-26T12:49:32.066Z,174,1448.73,279.59,1,0,human
sess-bot-132,2025-09-25T16:47:57.990Z,162,1019.59,132.03,5,3,bot
sess-0ru48p,2025-09-26T15:58:09.595Z,74,1031.20,0.00,12,2,human
sess-bzcwbu,2025-09-26T16:25:50.938Z,112,2021.49,198.57,1,0,human
sess-bot-205,2025-09-25T16:47:58.214Z,155,353.43,59.28,4,2,bot
sess-bot-216,2025-09-25T16:47:58.242Z,120,718.61,64.21,4,2,bot
sess-bot-329,2025-09-25T16:47:58.487Z,187,505.08,24.31,4,3,bot
sess-t88b3v,2025-09-26T13:45:39.591Z,65,723.00,245.16,0,0,human
sess-lr7g1d,2025-09-26T15:50:15.568Z,168,1209.24,311.44,1,0,human
sess-i3mvoy,2025-09-26T16:15:04.267Z,116,788.18,256.17,0,0,human
sess-5cfsyb,2025-09-26T16:50:43.000Z,187,1934.12,414.13,0,0,human
sess-ctwphw,2025-09-26T16:08:15.024Z,69,726.58,274.00,0,0,human
sess-bot-81,2025-09-25T16:47:57.862Z,64,1046.06,325.37,8,0,bot
sess-bot-131,2025-09-25T16:47:57.987Z,42,243.54,429.71,8,1,bot
sess-qe0ikx,2025-09-26T12:54:01.877Z,318,8392.88,498.62,1,4,human
sess-q2yp72,2025-09-26T16:05:48.868Z,122,1454.29,331.71,1,0,human
sess-bot-481,2025-09-25T16:47:58.795Z,105,379.28,181.18,1,0,bot
sess-wmyki2,2025-09-26T14:01:19.036Z,135,880.41,221.77,0,0,human
sess-oagm76,2025-09-26T13:58:02.679Z,80,623.76,220.66,0,0,human
sess-5fite9,2025-09-26T13:33:34.058Z,101,756.24,243.42,0,0,human
sess-d1l48e,2025-09-26T16:08:04.062Z,176,4476.88,389.97,1,0,human
sess-ji3dga,2025-09-26T12:33:13.353Z,346,5869.70,277.56,0,0,human
sess-91gnca,2025-09-26T13:36:05.057Z,120,1130.92,0.00,0,0,human
sess-ern25c,2025-09-26T16:10:41.907Z,115,627.00,256.74,0,0,human
sess-b31fg5,2025-09-26T13:58:34.561Z,118,1941.31,304.37,0,0,human
sess-o91msd,2025-09-26T13:52:20.114Z,109,842.86,165.50,1,0,human
sess-earads,2025-09-26T16:28:09.271Z,72,657.18,262.42,0,0,human
sess-bot-393,2025-09-25T16:47:58.617Z,89,662.91,170.13,1,0,bot
sess-l8soze,2025-09-26T16:20:16.460Z,157,1575.62,155.32,0,0,human
sess-z5uod9,2025-09-26T14:15:44.388Z,168,8683.32,786.31,1,14,human
sess-62mrrt,2025-09-26T13:59:07.823Z,69,842.26,233.06,0,0,human
sess-nkacin,2025-09-26T15:36:13.603Z,167,1405.79,442.08,0,0,human
sess-li364m,2025-09-26T14:21:48.405Z,83,2154.14,0.00,5,0,human
sess-xrj6cx,2025-09-26T14:01:52.574Z,105,1374.20,223.93,1,0,human
sess-bot-269,2025-09-25T16:47:58.360Z,189,470.71,403.65,8,0,bot
sess-bot-30,2025-09-25T16:47:57.745Z,198,499.11,236.53,3,4,bot
sess-bot-297,2025-09-25T16:47:58.421Z,96,187.48,40.82,6,5,bot
sess-bot-458,2025-09-25T16:47:58.755Z,92,1450.65,101.14,2,5,bot
sess-bot-330,2025-09-25T16:47:58.489Z,68,21.37,436.38,6,5,bot
sess-bot-306,2025-09-25T16:47:58.439Z,99,1013.75,29.65,6,4,bot
sess-pfcuzy,2025-09-26T12:33:28.004Z,207,1399.65,174.56,0,2,human
sess-aswjve,2025-09-26T14:12:25.746Z,97,855.47,159.49,1,0,human
sess-vqaqrv,2025-09-26T13:59:22.284Z,88,728.39,247.90,0,0,human
sess-p3eybo,2025-09-26T15:37:10.119Z,96,1089.60,0.00,29,2,human
sess-bot-445,2025-09-25T16:47:58.727Z,110,547.95,413.77,5,3,bot
sess-bot-9,2025-09-25T16:24:51.998Z,8,1487.69,40.06,3,0,bot
sess-jocei1,2025-09-26T15:15:58.624Z,224,4203.11,0.00,38,0,human
sess-bot-402,2025-09-25T16:47:58.637Z,16,1276.28,56.39,2,3,bot
sess-bot-341,2025-09-25T16:47:58.509Z,18,906.10,174.80,1,5,bot
sess-bot-49,2025-09-25T16:47:57.788Z,92,26.49,63.81,6,3,bot
sess-h3qgrt,2025-09-26T13:54:11.766Z,137,2046.48,205.36,0,0,human
sess-bot-372,2025-09-25T16:47:58.574Z,35,366.04,435.86,3,0,bot
sess-bjec4y,2025-09-26T13:47:27.242Z,209,1187.68,96.73,0,0,human
sess-bot-261,2025-09-25T16:47:58.341Z,166,959.50,319.16,6,2,bot
sess-fm086l,2025-09-26T16:55:52.095Z,251,2115.68,391.59,0,4,human
sess-bot-426,2025-09-25T16:47:58.684Z,99,444.77,0.64,1,1,bot
sess-bot-243,2025-09-25T16:47:58.301Z,182,688.04,15.83,0,2,bot
sess-o3yyza,2025-09-26T12:35:34.050Z,206,870.84,201.03,0,0,human
sess-pxzjt1,2025-09-26T12:02:12.319Z,58,676.08,0.00,0,0,human
sess-d1wix9,2025-09-26T13:43:10.216Z,69,960.45,195.11,1,0,human
sess-n5q4su,2025-09-26T14:17:02.186Z,422,12313.86,510.35,1,0,human
sess-bot-57,2025-09-25T16:47:57.805Z,70,1261.25,127.18,5,5,bot
sess-bot-398,2025-09-25T16:47:58.628Z,152,1099.60,145.00,9,2,bot
sess-uk82cg,2025-09-26T13:09:00.018Z,149,820.47,246.47,0,0,human
sess-bot-210,2025-09-25T16:47:58.226Z,150,1071.96,31.42,9,5,bot
sess-v6feyg,2025-09-26T16:03:34.498Z,159,1085.19,382.67,0,2,human
sess-bot-293,2025-09-25T16:47:58.411Z,131,623.73,61.31,9,4,bot
sess-bot-61,2025-09-25T16:47:57.813Z,124,1453.19,492.94,4,2,bot
sess-bot-379,2025-09-25T16:47:58.587Z,79,1322.82,389.01,7,1,bot
sess-bvuc16,2025-09-26T12:52:09.791Z,112,783.54,155.71,1,0,human
sess-bot-399,2025-09-25T16:47:58.630Z,197,428.47,348.96,1,1,bot
sess-g251x7,2025-09-26T16:24:34.484Z,0,0.00,164.00,0,0,human
sess-c5k28x,2025-09-26T16:07:18.731Z,104,872.77,273.94,0,0,human
sess-bot-451,2025-09-25T16:47:58.741Z,69,708.95,491.03,4,1,bot
sess-dw1ek7,2025-09-25T17:28:19.655Z,49,831.92,0.00,0,2,human
sess-7sbrsz,2025-09-26T12:01:24.782Z,208,4665.59,122.65,32,2,human
sess-bot-447,2025-09-25T16:47:58.732Z,158,675.95,189.15,3,3,bot
sess-bot-340,2025-09-25T16:47:58.508Z,181,311.08,393.23,5,5,bot
sess-k3oywr,2025-09-26T16:46:38.845Z,141,1207.14,301.56,0,0,human
sess-vdc91g,2025-09-26T15:55:14.802Z,113,693.22,254.54,1,0,human
sess-bot-5,2025-09-25T16:47:57.619Z,30,478.72,159.11,7,2,bot
sess-b0rqsf,2025-09-26T12:41:01.943Z,68,293.54,0.00,12,0,human
sess-bot-386,2025-09-25T16:47:58.602Z,105,515.96,205.29,1,5,bot
sess-4a7ra6,2025-09-26T01:45:55.230Z,276,6560.02,614.14,0,0,human
sess-bot-407,2025-09-25T16:47:58.646Z,187,291.13,85.28,0,4,bot
sess-gh5ry2,2025-09-25T16:28:37.835Z,577,7344.64,1215.18,0,2,human
sess-bot-409,2025-09-25T16:47:58.651Z,89,7.10,96.20,3,2,bot
sess-bot-37,2025-09-25T16:47:57.763Z,85,403.82,427.47,1,5,bot
sess-bot-259,2025-09-25T16:47:58.337Z,98,269.90,446.37,0,0,bot
sess-03xdew,2025-09-26T16:06:33.260Z,101,702.90,193.48,0,0,human
sess-uoypoa,2025-09-26T14:29:02.174Z,122,3642.28,369.48,0,0,human
sess-tji0y2,2025-09-26T13:25:12.645Z,236,1726.81,214.11,0,0,human
sess-bot-296,2025-09-25T16:47:58.419Z,182,933.87,492.07,2,2,bot
sess-bot-133,2025-09-25T16:47:57.992Z,40,920.44,50.73,3,2,bot
sess-1a20hv,2025-09-26T15:37:32.149Z,78,1135.08,0.00,12,0,human
sess-bot-271,2025-09-25T16:47:58.365Z,105,856.62,278.46,6,1,bot
sess-hsazp3,2025-09-26T16:24:06.081Z,113,753.95,440.16,0,0,human
sess-ee9uv6,2025-09-26T16:21:08.556Z,119,1955.26,160.06,1,0,human
sess-2m49fl,2025-09-26T16:18:24.500Z,126,719.56,223.15,1,0,human
sess-dsc2bd,2025-09-26T14:22:44.865Z,116,2805.27,211.03,1,0,human
sess-bot-6,2025-09-25T16:24:51.990Z,161,1158.71,286.67,9,2,bot
sess-bot-6,2025-09-25T16:47:57.679Z,121,403.01,205.92,10,5,bot
sess-2aydj7,2025-09-26T13:25:52.324Z,139,783.03,221.86,0,0,human
sess-tjv431,2025-09-26T14:20:03.198Z,79,940.76,297.97,0,0,human
sess-9v3o4l,2025-09-26T12:58:42.219Z,21,145.85,0.00,0,0,human
sess-bot-247,2025-09-25T16:47:58.309Z,60,1493.42,258.00,8,0,bot
sess-hvd5g1,2025-09-26T13:34:46.063Z,51,278.31,479.00,0,0,human
sess-bot-252,2025-09-25T16:47:58.320Z,115,563.31,417.51,7,3,bot
sess-qrjgsi,2025-09-26T12:43:10.972Z,260,928.84,162.24,0,0,human
sess-44scsp,2025-09-26T16:38:47.456Z,100,634.20,232.60,1,0,human
sess-bot-452,2025-09-25T16:47:58.743Z,90,979.21,382.05,3,4,bot
sess-x4zw6e,2025-09-25T17:26:24.898Z,43,1235.26,0.00,16,2,human
sess-bot-328,2025-09-25T16:47:58.485Z,89,239.42,194.57,1,1,bot
sess-7mu8gy,2025-09-25T17:26:48.670Z,65,687.06,355.71,0,0,human
sess-bz4gd1,2025-09-26T15:56:14.066Z,114,749.67,389.03,0,0,human
sess-bot-365,2025-09-25T16:47:58.559Z,82,294.89,347.38,4,0,bot
sess-r9hstj,2025-09-26T13:58:48.709Z,74,698.03,170.27,0,0,human
sess-bot-188,2025-09-25T16:47:58.164Z,39,521.43,208.90,6,4,bot
sess-bot-435,2025-09-25T16:47:58.707Z,164,1071.01,437.01,4,0,bot
sess-bot-484,2025-09-25T16:47:58.803Z,168,1005.08,278.54,8,0,bot
sess-ehsufq,2025-09-26T14:12:58.153Z,149,2739.33,162.27,0,2,human
sess-bot-299,2025-09-25T16:47:58.425Z,11,103.08,39.74,2,1,bot
sess-r7b4vi,2025-09-26T16:14:19.701Z,117,1812.19,330.96,0,2,human
sess-0lljqs,2025-09-26T14:34:27.808Z,407,13592.35,9092.17,0,6,human
sess-bot-436,2025-09-25T16:47:58.709Z,198,123.07,122.12,1,0,bot
sess-weu779,2025-09-26T14:10:21.535Z,117,1996.45,293.94,0,0,human
sess-kqj067,2025-09-26T13:31:27.079Z,205,2853.34,412.76,0,0,human
sess-cypizr,2025-09-26T01:47:08.138Z,159,5169.62,648.09,0,6,human
sess-pjmjud,2025-09-26T16:44:20.263Z,141,702.77,395.36,1,0,human
sess-bot-215,2025-09-25T16:47:58.240Z,66,1101.92,77.90,8,3,bot
sess-ov36u9,2025-09-26T16:42:48.489Z,157,842.10,300.24,0,0,human
sess-ga65i2,2025-09-26T12:35:04.426Z,246,1669.94,334.62,0,4,human
sess-ysfnzm,2025-09-26T16:11:24.158Z,70,922.55,211.47,0,0,human
sess-xmd5d4,2025-09-26T12:48:13.864Z,148,751.35,183.70,0,0,human
sess-bvzg2z,2025-09-26T15:50:35.608Z,167,1969.78,0.00,25,0,human
sess-x4ek29,2025-09-26T16:32:02.402Z,56,960.90,345.00,0,0,human
sess-qram33,2025-09-26T12:41:43.787Z,348,1285.27,212.97,0,0,human
sess-bot-117,2025-09-25T16:47:57.951Z,69,1317.15,448.69,1,4,bot
sess-2diqe6,2025-09-26T16:23:36.832Z,177,2521.75,276.27,0,0,human
sess-bot-303,2025-09-25T16:47:58.434Z,179,377.28,60.66,4,4,bot
sess-1w018s,2025-09-26T16:24:34.239Z,59,579.85,273.92,0,0,human
sess-ddugx1,2025-09-26T15:53:40.283Z,164,1447.01,144.00,0,0,human
sess-6uo9nd,2025-09-26T14:10:37.820Z,89,2450.88,0.00,0,0,human
sess-a4y2ph,2025-09-26T16:04:13.638Z,105,831.16,222.25,0,0,human
sess-bot-1,2025-09-25T16:47:57.605Z,12,478.22,33.94,7,0,bot
sess-mgsux1,2025-09-26T13:46:55.534Z,139,1267.80,281.03,0,0,human
sess-hedd3u,2025-09-26T13:42:45.151Z,133,2748.23,190.71,0,0,human
sess-bot-476,2025-09-25T16:47:58.787Z,199,609.51,344.45,7,4,bot
sess-cm1uh4,2025-09-26T16:48:32.798Z,193,706.32,227.59,0,0,human
sess-bot-155,2025-09-25T16:47:58.068Z,150,227.26,7.83,4,5,bot
sess-7g5b2t,2025-09-26T14:35:49.362Z,162,3304.59,1904.64,0,2,human
sess-bot-337,2025-09-25T16:47:58.503Z,37,236.39,146.18,2,1,bot
sess-eca6mz,2025-09-26T14:14:42.307Z,135,2190.32,291.04,0,0,human
sess-ep9wua,2025-09-26T13:45:17.000Z,90,1100.44,460.12,0,0,human
sess-bot-111,2025-09-25T16:47:57.936Z,188,482.37,246.29,4,1,bot
sess-8i6zil,2025-09-26T16:12:12.563Z,81,1214.30,193.67,0,0,human
sess-ryvn7p,2025-09-26T16:09:44.428Z,4,4.24,0.00,0,0,human
sess-nh99zs,2025-09-26T13:11:47.806Z,333,4704.13,384.79,0,2,human
sess-bot-176,2025-09-25T16:47:58.130Z,29,644.72,310.74,6,2,bot
sess-bot-171,2025-09-25T16:47:58.116Z,164,136.89,79.20,5,0,bot
sess-nhej7s,2025-09-26T12:02:40.744Z,204,1913.57,365.55,0,0,human
sess-iar120,2025-09-26T15:38:16.319Z,16,40.90,165.00,0,0,human
sess-s87yqv,2025-09-26T16:56:06.407Z,181,1046.70,287.00,0,0,human
sess-bot-344,2025-09-25T16:47:58.516Z,26,474.86,119.98,4,1,bot
sess-bot-375,2025-09-25T16:47:58.579Z,106,361.11,132.97,3,3,bot
sess-4kpyoa,2025-09-26T13:57:17.955Z,79,3101.85,0.00,0,0,human
sess-bot-189,2025-09-25T16:47:58.168Z,107,121.43,233.39,0,3,bot
sess-bot-371,2025-09-25T16:47:58.572Z,89,72.87,51.10,4,2,bot
sess-bot-488,2025-09-25T16:47:58.810Z,125,777.76,33.49,5,4,bot
sess-bot-250,2025-09-25T16:47:58.316Z,17,1261.24,401.40,7,2,bot
sess-7b6cda,2025-09-26T12:35:49.482Z,146,1172.57,174.68,0,0,human
sess-bot-43,2025-09-25T16:47:57.775Z,86,603.00,57.79,10,3,bot
sess-bot-16,2025-09-25T16:47:57.713Z,9,844.28,44.61,0,5,bot
sess-bot-283,2025-09-25T16:47:58.391Z,46,417.85,386.07,0,2,bot
sess-bot-11,2025-09-25T16:47:57.704Z,200,1016.46,68.16,2,2,bot
sess-bot-388,2025-09-25T16:47:58.605Z,175,1491.20,117.54,6,0,bot
sess-bot-279,2025-09-25T16:47:58.384Z,44,20.13,454.43,4,3,bot
sess-izztat,2025-09-26T16:50:26.115Z,203,794.51,211.16,1,0,human
sess-f8iulx,2025-09-26T15:37:40.767Z,76,691.28,193.29,1,0,human
sess-bot-107,2025-09-25T16:47:57.925Z,90,873.02,89.68,1,2,bot
sess-57wvef,2025-09-26T13:16:41.511Z,123,808.21,341.58,1,0,human
sess-bjbrbf,2025-09-26T15:17:59.696Z,163,2402.45,672.10,0,2,human
sess-167wwb,2025-09-26T01:42:39.726Z,63,846.48,522.20,1,0,human
sess-sxpda4,2025-09-26T15:38:57.793Z,103,581.86,287.81,0,0,human
sess-bot-235,2025-09-25T16:47:58.285Z,47,808.11,369.15,1,3,bot
sess-axv9fi,2025-09-26T14:21:45.067Z,128,2193.79,153.12,1,0,human
sess-bot-167,2025-09-25T16:47:58.104Z,185,190.73,343.78,9,3,bot
sess-8cvuub,2025-09-26T16:46:23.105Z,119,1136.80,363.14,0,0,human
sess-t7k38q,2025-09-26T16:17:58.845Z,155,4669.57,209.08,1,0,human
sess-lnsg5k,2025-09-25T17:26:29.665Z,6,19.60,0.00,0,0,human
sess-bot-403,2025-09-25T16:47:58.639Z,185,1163.47,324.92,3,1,bot
sess-mkqu16,2025-09-26T13:56:06.745Z,118,890.25,205.73,0,0,human
sess-bot-2,2025-09-25T16:24:51.978Z,16,872.58,207.25,2,4,bot
sess-0x6yl4,2025-09-26T15:53:07.891Z,173,939.10,348.35,0,0,human
sess-bot-20,2025-09-25T16:47:57.722Z,13,857.89,419.19,10,3,bot
sess-bot-220,2025-09-25T16:47:58.252Z,147,1264.01,50.91,5,0,bot
sess-j4hol6,2025-09-26T14:17:37.287Z,82,1363.46,413.04,1,0,human
sess-r8c3h9,2025-09-26T13:47:40.336Z,125,947.53,244.20,0,0,human
sess-ohrfcw,2025-09-26T16:11:59.493Z,71,1442.97,261.84,0,0,human
sess-ebqfao,2025-09-26T15:24:15.803Z,152,726.57,199.15,1,0,human
sess-bot-24,2025-09-25T16:47:57.730Z,178,970.76,115.16,1,5,bot
sess-nlx4j1,2025-09-26T12:45:33.837Z,134,781.60,182.88,0,0,human
sess-x351qi,2025-09-26T15:12:58.439Z,195,1001.47,254.64,0,0,human
sess-bot-59,2025-09-25T16:47:57.809Z,117,621.24,32.32,5,0,bot
sess-c1yu9e,2025-09-26T13:12:38.443Z,133,1093.49,228.74,1,0,human
sess-bot-73,2025-09-25T16:47:57.840Z,102,658.37,414.43,2,4,bot
sess-j54y3q,2025-09-26T13:36:37.621Z,94,690.38,190.61,0,0,human
sess-bot-240,2025-09-25T16:47:58.294Z,153,208.76,197.32,1,1,bot
sess-bot-280,2025-09-25T16:47:58.386Z,26,1156.32,167.30,5,2,bot
sess-bot-122,2025-09-25T16:47:57.962Z,68,653.37,412.07,0,0,bot
sess-bot-464,2025-09-25T16:47:58.766Z,85,538.18,208.83,7,5,bot
sess-a2zs8k,2025-09-26T15:21:00.750Z,111,607.03,394.67,1,0,human
sess-g587kd,2025-09-26T13:36:15.230Z,109,729.35,161.83,0,0,human
sess-bot-219,2025-09-25T16:47:58.249Z,157,1118.85,237.05,4,4,bot
sess-y6bw46,2025-09-26T16:26:26.095Z,140,3422.27,501.45,1,6,human
sess-bot-412,2025-09-25T16:47:58.656Z,32,487.97,96.40,8,2,bot
sess-5894zc,2025-09-26T01:43:41.372Z,261,3964.09,1204.92,0,0,human
sess-my7dcb,2025-09-26T15:56:24.470Z,87,887.15,153.75,1,0,human
sess-bot-121,2025-09-25T16:47:57.960Z,49,1497.80,357.01,6,2,bot
sess-bot-194,2025-09-25T16:47:58.184Z,113,62.98,109.33,2,3,bot
sess-mlsfj1,2025-09-26T13:35:42.035Z,74,336.26,243.64,0,0,human
sess-bot-267,2025-09-25T16:47:58.356Z,95,1092.09,306.83,6,0,bot
sess-azumsi,2025-09-26T13:15:59.370Z,129,1082.67,772.47,0,0,human
sess-bot-327,2025-09-25T16:47:58.483Z,7,119.70,61.71,0,2,bot
sess-yf4og8,2025-09-26T15:51:13.364Z,238,3793.69,237.42,1,2,human
sess-beyqf7,2025-09-26T13:43:42.891Z,107,693.91,197.93,0,0,human
sess-dt9zl2,2025-09-26T16:48:20.706Z,206,1378.57,251.14,0,0,human
sess-bot-134,2025-09-25T16:47:58.003Z,17,1209.32,128.71,2,2,bot
sess-lqbk7q,2025-09-26T16:20:02.890Z,152,627.15,226.35,0,0,human
sess-bot-116,2025-09-25T16:47:57.948Z,58,63.01,455.46,0,2,bot
sess-bot-291,2025-09-25T16:47:58.408Z,117,1068.89,387.74,3,3,bot
sess-bot-41,2025-09-25T16:47:57.772Z,131,1351.30,35.20,1,1,bot
sess-p7x06w,2025-09-26T13:35:45.317Z,0,0.00,123.00,0,0,human
sess-8okf45,2025-09-26T15:52:45.531Z,243,3346.73,159.41,1,2,human
sess-bot-27,2025-09-25T16:47:57.738Z,89,979.46,445.20,1,1,bot
sess-bot-99,2025-09-25T16:47:57.905Z,59,1185.53,376.09,7,2,bot
sess-bot-343,2025-09-25T16:47:58.513Z,25,306.59,480.65,6,3,bot
sess-bot-28,2025-09-25T16:47:57.741Z,150,629.39,493.53,0,2,bot
sess-1jff76,2025-09-26T14:13:59.039Z,210,5978.09,761.05,0,2,human
sess-ue9xtw,2025-09-26T15:20:20.519Z,153,1498.68,672.71,0,0,human
sess-bot-14,2025-09-25T16:47:57.709Z,7,479.44,497.98,8,1,bot
sess-ar6p50,2025-09-26T14:30:31.111Z,143,1447.07,342.48,1,0,human
sess-bot-238,2025-09-25T16:47:58.291Z,169,365.26,439.03,3,5,bot
sess-bot-309,2025-09-25T16:47:58.445Z,160,1000.47,101.44,9,3,bot
sess-92gbyg,2025-09-26T16:07:01.730Z,106,1062.59,229.87,0,0,human
sess-z1dpcj,2025-09-26T16:22:05.654Z,100,807.75,240.79,1,0,human
sess-bot-105,2025-09-25T16:47:57.920Z,21,1270.60,420.39,4,0,bot
sess-6n7fsn,2025-09-26T13:02:45.414Z,2738,304722.42,397.51,0,2,human
sess-3d9pq2,2025-09-26T16:13:21.931Z,126,1535.81,1034.67,0,0,human
sess-bo252g,2025-09-25T17:15:58.062Z,261,3534.14,275.54,17,2,human
sess-bot-324,2025-09-25T16:47:58.476Z,153,1189.00,286.55,6,3,bot
sess-bot-480,2025-09-25T16:47:58.794Z,17,503.11,1.98,0,1,bot
sess-bot-348,2025-09-25T16:47:58.524Z,199,1190.78,63.12,5,0,bot
sess-bot-420,2025-09-25T16:47:58.672Z,141,61.22,100.10,6,5,bot
sess-6cshrf,2025-09-25T17:16:42.998Z,81,704.06,362.35,1,0,human
sess-bot-26,2025-09-25T16:47:57.735Z,14,1360.80,154.42,2,2,bot
sess-v82dsj,2025-09-26T15:50:30.704Z,167,981.90,350.38,0,0,human
sess-bot-370,2025-09-25T16:47:58.570Z,20,1085.71,140.16,0,0,bot
sess-bot-225,2025-09-25T16:47:58.260Z,107,130.12,308.33,10,0,bot
sess-cphbit,2025-09-26T14:01:36.764Z,197,1035.43,182.14,0,0,human
sess-bot-427,2025-09-25T16:47:58.687Z,9,478.95,308.11,2,0,bot
sess-bot-209,2025-09-25T16:47:58.224Z,118,155.96,498.79,6,2,bot
sess-j77s1v,2025-09-26T12:52:30.273Z,169,2061.46,156.55,0,0,human
sess-urldet,2025-09-26T13:14:38.257Z,117,1067.64,339.36,0,0,human
sess-bot-126,2025-09-25T16:47:57.973Z,181,641.00,223.37,1,4,bot
sess-bot-385,2025-09-25T16:47:58.599Z,52,876.89,423.75,4,2,bot
sess-bot-52,2025-09-25T16:47:57.793Z,194,1121.92,52.61,6,5,bot
sess-cbohhg,2025-09-26T16:33:19.921Z,130,796.91,331.90,1,0,human
sess-bot-378,2025-09-25T16:47:58.585Z,123,1256.23,415.24,2,1,bot
sess-bot-139,2025-09-25T16:47:58.019Z,71,833.83,71.82,3,3,bot
sess-bot-32,2025-09-25T16:47:57.753Z,19,1028.44,369.97,5,4,bot
sess-bot-184,2025-09-25T16:47:58.153Z,84,1222.18,281.48,6,2,bot
sess-0asg9a,2025-09-26T16:13:34.205Z,71,539.50,220.91,0,0,human
sess-d4lggy,2025-09-26T13:42:22.132Z,90,2556.61,582.15,0,0,human
sess-bot-315,2025-09-25T16:47:58.457Z,39,365.85,439.28,0,4,bot
sess-zdrbj8,2025-09-26T15:22:58.654Z,124,1189.87,238.10,0,0,human
sess-n1kywb,2025-09-26T13:29:07.453Z,41,561.83,0.00,0,0,human
sess-jfe8iq,2025-09-26T12:01:45.073Z,231,4550.03,260.40,35,0,human
sess-g8zmi6,2025-09-26T15:55:32.574Z,159,2513.22,285.32,1,0,human
sess-yc8jay,2025-09-26T16:41:59.959Z,74,1997.06,0.00,0,2,human
sess-bot-85,2025-09-25T16:47:57.871Z,65,826.62,331.25,5,2,bot
sess-bot-106,2025-09-25T16:47:57.923Z,20,456.50,89.43,9,3,bot
sess-bot-449,2025-09-25T16:47:58.737Z,88,309.46,89.06,5,0,bot
sess-hsqv9z,2025-09-26T16:53:17.428Z,295,2634.17,542.85,0,0,human
sess-bot-33,2025-09-25T16:47:57.756Z,123,487.33,64.46,2,1,bot
sess-s67eur,2025-09-26T12:44:00.152Z,436,5676.45,542.95,1,0,human
sess-bot-310,2025-09-25T16:47:58.447Z,119,305.81,429.30,7,2,bot
sess-kkias4,2025-09-26T13:45:26.700Z,95,841.10,175.00,0,0,human
sess-bot-146,2025-09-25T16:47:58.040Z,93,661.15,27.72,3,5,bot
sess-vmdc7f,2025-09-26T13:35:01.130Z,23,190.77,0.00,0,0,human
sess-5mtz45,2025-09-26T13:34:33.484Z,0,0.00,97.00,0,0,human
sess-71pmga,2025-09-26T13:34:47.421Z,0,0.00,122.00,0,0,human
sess-bot-428,2025-09-25T16:47:58.689Z,42,641.84,37.40,2,3,bot
sess-cvdjhq,2025-09-26T13:36:26.281Z,166,739.94,168.20,1,0,human
sess-bot-455,2025-09-25T16:47:58.749Z,156,0.61,325.48,7,1,bot
sess-bot-358,2025-09-25T16:47:58.545Z,170,435.49,168.93,3,2,bot
sess-mwy8f2,2025-09-26T14:00:23.683Z,103,1757.01,180.73,0,0,human
sess-bot-55,2025-09-25T16:47:57.801Z,33,617.05,262.79,6,4,bot
sess-i5goze,2025-09-26T12:46:39.143Z,256,1216.13,215.61,0,0,human
sess-nagrgk,2025-09-26T15:17:20.249Z,140,745.89,345.34,0,0,human
sess-kxby1e,2025-09-26T16:11:42.434Z,82,741.67,248.59,0,0,human
sess-bot-172,2025-09-25T16:47:58.120Z,198,1083.76,393.59,5,5,bot
sess-bot-7,2025-09-25T16:24:51.993Z,72,1146.08,221.97,10,3,bot
sess-sqrceu,2025-09-26T12:41:21.451Z,475,1801.53,271.24,0,0,human
sess-48881e,2025-09-26T13:07:44.045Z,244,3322.88,183.76,1,2,human
sess-wbuq0y,2025-09-26T14:36:43.893Z,59,2205.53,0.00,13,2,human
sess-pox59e,2025-09-26T15:38:58.844Z,12,112.48,0.00,0,0,human
sess-bot-214,2025-09-25T16:47:58.237Z,53,1268.27,341.04,5,3,bot
sess-bot-322,2025-09-25T16:47:58.472Z,79,310.66,250.64,6,4,bot
sess-azvqsh,2025-09-26T16:06:22.294Z,77,662.44,210.03,0,0,human
sess-jfgb51,2025-09-26T16:22:32.780Z,164,1115.83,214.23,1,0,human
sess-bot-123,2025-09-25T16:47:57.965Z,172,891.87,171.40,7,5,bot
sess-bot-448,2025-09-25T16:47:58.735Z,198,1082.76,466.12,7,5,bot
sess-bot-202,2025-09-25T16:47:58.206Z,144,748.13,41.10,2,2,bot
sess-g1ldcc,2025-09-26T15:19:05.116Z,152,1036.51,355.96,0,0,human
sess-milc4r,2025-09-26T15:37:29.491Z,186,2498.91,189.04,0,0,human
sess-duc1ya,2025-09-26T13:34:50.762Z,2,1.00,347.00,0,0,human
sess-bot-433,2025-09-25T16:47:58.703Z,136,294.36,16.15,2,4,bot
sess-jpp4ia,2025-09-26T14:37:17.746Z,73,626.31,246.18,0,0,human
sess-6kc569,2025-09-26T13:32:40.626Z,181,1597.26,352.17,0,0,human
sess-bot-339,2025-09-25T16:47:58.506Z,23,79.19,388.09,2,1,bot
sess-ysnhyp,2025-09-26T13:51:05.398Z,118,903.23,273.15,0,0,human
sess-bot-364,2025-09-25T16:47:58.557Z,184,408.83,113.82,9,4,bot
sess-d57ghd,2025-09-26T12:32:24.746Z,240,1984.90,276.74,0,0,human
sess-bot-347,2025-09-25T16:47:58.522Z,18,1448.78,115.73,8,5,bot
sess-bot-314,2025-09-25T16:47:58.455Z,153,563.15,108.07,3,0,bot
sess-ymp1v7,2025-09-26T13:54:24.322Z,116,1288.87,202.73,0,0,human
sess-bot-8,2025-09-25T16:47:57.695Z,45,1035.86,159.05,3,0,bot
sess-bot-94,2025-09-25T16:47:57.893Z,91,1119.71,411.37,0,5,bot
sess-bot-335,2025-09-25T16:47:58.499Z,57,1238.85,92.72,4,3,bot
sess-bot-469,2025-09-25T16:47:58.775Z,80,71.14,243.27,7,3,bot
sess-t6kt6j,2025-09-26T13:03:18.887Z,97,1003.55,321.03,0,0,human
sess-gs1lwp,2025-09-26T15:36:47.801Z,118,926.42,156.42,0,0,human
sess-bot-443,2025-09-25T16:47:58.724Z,165,146.95,330.81,2,1,bot
sess-26oir6,2025-09-26T14:19:22.678Z,101,1413.23,364.58,1,0,human
sess-2e0xpo,2025-09-26T13:30:52.191Z,294,3792.97,421.26,0,0,human
sess-bot-80,2025-09-25T16:47:57.858Z,180,557.23,412.29,7,5,bot
sess-bot-157,2025-09-25T16:47:58.074Z,46,530.00,178.15,9,3,bot
sess-bot-338,2025-09-25T16:47:58.505Z,50,834.58,441.00,2,4,bot
sess-q0mxne,2025-09-26T15:38:24.535Z,253,2046.28,203.36,0,0,human
sess-3obqja,2025-09-26T16:14:52.230Z,78,1855.68,0.00,12,2,human
sess-olypzr,2025-09-26T15:45:38.913Z,3,4.58,0.00,0,0,human
sess-bot-489,2025-09-25T16:47:58.811Z,96,250.07,351.07,7,1,bot
sess-hdiyg0,2025-09-26T16:43:59.758Z,222,970.77,1064.04,1,0,human
sess-21dmhl,2025-09-26T16:27:48.259Z,140,3066.62,338.20,1,2,human
sess-bot-424,2025-09-25T16:47:58.679Z,43,1196.10,305.98,1,3,bot
sess-bot-63,2025-09-25T16:47:57.817Z,145,446.42,449.45,2,1,bot
sess-bot-320,2025-09-25T16:47:58.468Z,67,1149.19,218.19,2,3,bot
sess-o4krtj,2025-09-26T14:36:37.449Z,50,3316.38,0.00,0,2,human
sess-bot-241,2025-09-25T16:47:58.296Z,45,954.70,85.77,6,1,bot
sess-3ix1ni,2025-09-26T13:21:13.781Z,198,2105.89,259.08,0,0,human
sess-fl3mup,2025-09-26T13:59:53.378Z,69,999.37,312.41,1,0,human
sess-jx4jjy,2025-09-26T13:31:06.122Z,78,612.17,253.47,0,0,human
sess-bot-8,2025-09-25T16:24:51.995Z,138,807.27,426.06,1,5,bot
sess-1087kh,2025-09-26T13:44:11.438Z,100,595.27,184.13,0,0,human
sess-bot-437,2025-09-25T16:47:58.710Z,128,839.07,36.64,5,5,bot
sess-bot-156,2025-09-25T16:47:58.071Z,184,198.14,499.08,2,0,bot
sess-bot-406,2025-09-25T16:47:58.644Z,63,691.51,173.98,10,1,bot
sess-bot-141,2025-09-25T16:47:58.025Z,80,1019.33,240.87,1,3,bot
sess-2dkvwl,2025-09-26T13:46:01.549Z,113,4171.73,182.21,0,0,human
sess-bot-336,2025-09-25T16:47:58.501Z,83,987.93,11.40,0,5,bot
sess-bot-97,2025-09-25T16:47:57.900Z,160,745.57,481.18,2,1,bot
sess-bot-168,2025-09-25T16:47:58.107Z,171,683.33,70.94,10,2,bot
sess-gv17ro,2025-09-26T12:49:55.312Z,77,1410.99,0.00,12,0,human
sess-bot-321,2025-09-25T16:47:58.471Z,141,1153.11,290.79,8,5,bot
sess-ljbg73,2025-09-26T16:03:59.383Z,140,2173.10,289.30,0,0,human
sess-bot-450,2025-09-25T16:47:58.739Z,195,390.36,492.64,6,0,bot
sess-bot-31,2025-09-25T16:47:57.750Z,160,1323.09,260.46,0,2,bot
sess-bot-446,2025-09-25T16:47:58.729Z,12,682.21,194.16,7,1,bot
sess-okg6h5,2025-09-26T16:47:23.272Z,191,864.30,215.71,1,0,human
sess-ktrkte,2025-09-26T16:04:38.955Z,40,619.55,0.00,0,0,human
sess-bot-356,2025-09-25T16:47:58.541Z,84,868.36,218.70,5,3,bot
sess-bot-441,2025-09-25T16:47:58.719Z,30,740.91,398.97,4,0,bot
sess-bot-12,2025-09-25T16:47:57.705Z,66,13.42,371.54,8,5,bot
sess-bot-457,2025-09-25T16:47:58.753Z,152,586.84,39.31,5,1,bot
sess-bot-150,2025-09-25T16:47:58.053Z,143,921.38,365.64,7,0,bot
sess-06e16b,2025-09-26T13:04:02.863Z,182,2566.58,320.32,0,0,human
sess-ejgw9v,2025-09-26T16:19:51.460Z,157,890.17,607.71,0,0,human
sess-xzer4a,2025-09-25T15:39:49.502Z,61,559.51,394.71,0,0,human
sess-bot-317,2025-09-25T16:47:58.461Z,165,211.56,166.21,6,4,bot
sess-i5xc2y,2025-09-26T12:53:07.124Z,237,2889.09,137.63,0,0,human
sess-bot-108,2025-09-25T16:47:57.928Z,55,636.81,109.67,7,4,bot
sess-2f0cu1,2025-09-26T14:16:13.571Z,96,1898.11,415.68,0,2,human
sess-gjcfdv,2025-09-26T13:25:26.172Z,176,843.03,212.78,1,0,human
sess-bot-118,2025-09-25T16:47:57.953Z,65,1123.46,350.99,4,5,bot
sess-sfefz0,2025-09-26T16:07:42.133Z,111,731.52,239.38,1,0,human
sess-bot-4,2025-09-25T16:47:57.613Z,1,1087.69,231.95,6,3,bot
sess-bot-170,2025-09-25T16:47:58.112Z,14,587.80,215.01,7,3,bot
sess-bot-39,2025-09-25T16:47:57.769Z,194,1491.24,51.54,10,1,bot
sess-vqzrf5,2025-09-26T12:46:56.402Z,146,1204.57,256.60,1,0,human
sess-bot-416,2025-09-25T16:47:58.664Z,118,236.34,395.88,3,5,bot
sess-bot-390,2025-09-25T16:47:58.609Z,172,533.28,383.40,2,4,bot
sess-0cmi9y,2025-09-26T14:28:40.031Z,92,2389.20,6379.81,0,2,human
sess-bot-334,2025-09-25T16:47:58.496Z,135,848.69,363.24,5,5,bot
sess-3zftpe,2025-09-26T13:47:07.419Z,129,1153.82,242.96,0,0,human
sess-bot-58,2025-09-25T16:47:57.806Z,44,738.74,414.83,0,1,bot
sess-bot-169,2025-09-25T16:47:58.110Z,140,928.15,24.81,7,5,bot
sess-bot-64,2025-09-25T16:47:57.819Z,184,274.75,43.71,4,5,bot
sess-bot-125,2025-09-25T16:47:57.971Z,85,1187.94,234.71,3,3,bot
sess-sdl5j3,2025-09-26T14:39:44.881Z,128,2692.02,531.57,1,0,human
sess-nmsubt,2025-09-26T12:42:27.713Z,384,1243.25,547.60,1,0,human
sess-bot-410,2025-09-25T16:47:58.653Z,83,1318.83,325.16,10,1,bot
sess-k3g7zm,2025-09-26T13:18:30.246Z,171,1078.82,179.16,1,0,human
sess-nopoas,2025-09-25T17:29:03.131Z,20,133.65,0.00,0,0,human
sess-4ptwha,2025-09-25T17:50:15.443Z,81,703.00,316.94,1,0,human
sess-amqbti,2025-09-26T13:33:03.959Z,267,2908.34,515.74,0,0,human
sess-bot-459,2025-09-25T16:47:58.757Z,153,916.14,454.35,9,1,bot
sess-bot-195,2025-09-25T16:47:58.187Z,25,1113.11,274.99,10,2,bot
sess-bvoegc,2025-09-26T13:34:51.365Z,5,4.00,142.33,0,0,human
sess-bot-463,2025-09-25T16:47:58.764Z,140,492.44,382.96,3,4,bot
sess-aq20ko,2025-09-26T16:56:45.383Z,226,1841.16,472.85,0,0,human
sess-8an3i7,2025-09-26T16:18:36.192Z,110,693.81,212.71,0,0,human
sess-tnztvd,2025-09-26T13:34:33.062Z,187,2326.59,381.27,0,0,human
sess-bot-66,2025-09-25T16:47:57.824Z,58,17.57,71.36,5,2,bot
sess-bot-162,2025-09-25T16:47:58.090Z,155,604.57,60.78,7,1,bot
sess-tc5pwt,2025-09-26T15:57:45.950Z,216,4041.53,394.04,1,6,human
sess-bot-137,2025-09-25T16:47:58.013Z,103,599.57,490.44,2,1,bot
sess-h7ir04,2025-09-26T14:21:04.361Z,153,4915.02,224.11,0,0,human
sess-gjqezx,2025-09-26T14:14:23.559Z,18,276.66,0.00,0,0,human
sess-bot-197,2025-09-25T16:47:58.192Z,135,296.69,480.32,8,3,bot
sess-bot-357,2025-09-25T16:47:58.543Z,3,229.62,456.26,0,5,bot
sess-bot-326,2025-09-25T16:47:58.480Z,141,1157.76,463.94,5,5,bot
sess-3xd9mb,2025-09-26T12:52:51.100Z,144,1567.03,225.41,0,0,human
sess-wcic04,2025-09-26T15:52:12.170Z,230,1739.48,375.52,1,0,human
sess-bot-142,2025-09-25T16:47:58.028Z,101,1081.16,339.67,1,4,bot
sess-bot-429,2025-09-25T16:47:58.692Z,134,234.65,234.45,4,1,bot
sess-bot-0,2025-09-25T16:24:51.941Z,45,1207.16,5.99,5,1,bot
sess-cr58ae,2025-09-26T16:38:09.179Z,294,4436.97,3039.67,0,0,human
sess-j8z0kd,2025-09-26T16:39:34.782Z,171,3189.01,249.48,1,0,human
sess-bot-318,2025-09-25T16:47:58.463Z,28,1368.53,115.51,2,4,bot
sess-pwankl,2025-09-26T15:16:15.804Z,250,2678.63,154.58,0,0,human
sess-bot-130,2025-09-25T16:47:57.985Z,26,602.19,119.31,9,1,bot
sess-9awcjb,2025-09-26T12:40:13.991Z,149,1077.88,176.06,1,0,human
sess-bot-373,2025-09-25T16:47:58.575Z,107,52.69,315.31,2,2,bot
sess-jcz61e,2025-09-26T13:47:55.886Z,76,1547.52,235.65,0,2,human
sess-0d87fo,2025-09-26T16:13:45.225Z,69,594.34,244.19,0,0,human
sess-bot-313,2025-09-25T16:47:58.454Z,57,990.26,494.07,1,1,bot
sess-vy16kf,2025-09-26T16:23:49.830Z,105,735.71,242.72,1,0,human
sess-lt6jo5,2025-09-26T15:23:23.133Z,5,4.41,0.00,0,0,human
sess-9td968,2025-09-26T12:01:00.303Z,213,1384.71,287.18,0,0,human
sess-bot-25,2025-09-25T16:47:57.733Z,59,1028.93,248.07,6,3,bot
sess-4ld34i,2025-09-26T15:38:51.194Z,96,301.16,289.73,0,0,human
sess-njb6fx,2025-09-26T16:26:57.102Z,71,979.64,644.55,1,0,human
sess-ktxfmh,2025-09-26T13:13:28.971Z,191,1215.93,272.90,0,0,human
sess-bot-211,2025-09-25T16:47:58.229Z,40,375.93,418.00,1,2,bot
sess-bot-179,2025-09-25T16:47:58.139Z,21,749.30,211.32,4,2,bot
sess-nhzvhe,2025-09-26T15:51:33.197Z,216,1926.14,204.19,0,0,human
sess-bot-312,2025-09-25T16:47:58.452Z,21,225.96,208.13,9,0,bot
sess-bot-352,2025-09-25T16:47:58.533Z,7,245.06,253.30,3,2,bot
sess-bot-465,2025-09-25T16:47:58.768Z,100,1196.59,374.62,2,5,bot
sess-bot-477,2025-09-25T16:47:58.789Z,32,1132.07,493.79,9,2,bot
sess-rv9v3i,2025-09-26T15:45:23.225Z,119,3134.48,0.00,0,4,human
sess-bot-2,2025-09-25T16:47:57.608Z,127,167.64,444.22,2,2,bot
sess-bot-165,2025-09-25T16:47:58.099Z,144,571.98,226.56,3,0,bot
sess-hgkctp,2025-09-26T16:34:28.421Z,122,1458.10,2105.46,1,0,human
sess-bot-479,2025-09-25T16:47:58.792Z,2,759.13,216.11,10,4,bot
sess-bot-342,2025-09-25T16:47:58.511Z,187,46.50,174.76,7,2,bot
sess-qt4hgj,2025-09-26T15:35:49.340Z,78,893.89,368.67,1,0,human
sess-zzi1pb,2025-09-26T13:18:40.957Z,126,589.64,169.74,0,0,human
sess-xy1f69,2025-09-26T16:18:49.760Z,171,860.33,309.07,0,0,human
sess-6rnqvn,2025-09-26T16:22:46.671Z,91,653.50,316.88,0,0,human
sess-w638kl,2025-09-26T12:47:11.371Z,107,927.69,234.48,0,0,human
sess-bot-397,2025-09-25T16:47:58.625Z,192,1012.72,330.89,7,0,bot
sess-kclgju,2025-09-26T16:08:27.260Z,77,555.32,328.83,0,0,human
sess-4r1f50,2025-09-26T13:35:43.988Z,24,104.75,176.70,0,0,human
sess-bot-355,2025-09-25T16:47:58.539Z,36,103.99,143.16,3,2,bot
sess-03z0bi,2025-09-26T13:23:51.090Z,130,828.34,1528.48,0,0,human
sess-9t8q0e,2025-09-26T16:21:52.466Z,88,646.11,249.59,0,0,human
sess-bot-148,2025-09-25T16:47:58.046Z,39,464.56,330.38,5,1,bot
sess-f2spsr,2025-09-26T13:35:48.180Z,36,162.53,350.75,0,0,human
sess-bot-206,2025-09-25T16:47:58.217Z,77,299.42,149.87,2,0,bot
sess-2f9thx,2025-09-26T15:54:37.907Z,210,1474.21,977.32,1,0,human
sess-bot-129,2025-09-25T16:47:57.981Z,96,607.80,273.89,1,4,bot
sess-oug1wi,2025-09-26T12:43:13.063Z,62,995.70,0.00,0,0,human
sess-0py7ru,2025-09-26T13:07:03.294Z,375,8848.42,865.56,0,6,human
sess-bot-461,2025-09-25T16:47:58.760Z,39,1416.42,9.22,7,0,bot
sess-bot-360,2025-09-25T16:47:58.549Z,72,225.24,235.80,2,4,bot
sess-bot-104,2025-09-25T16:47:57.918Z,131,515.25,286.93,5,3,bot
sess-6uwuvu,2025-09-26T14:07:36.323Z,110,2671.39,0.00,0,2,human
sess-kk6vwl,2025-09-26T16:39:18.495Z,89,570.27,251.29,1,0,human
sess-bot-164,2025-09-25T16:47:58.095Z,47,1247.68,185.60,8,0,bot
sess-0x0bfu,2025-09-26T13:31:43.834Z,106,762.71,304.55,0,0,human
sess-rja864,2025-09-26T15:18:07.996Z,120,847.51,0.00,23,0,human
sess-bot-438,2025-09-25T16:47:58.712Z,175,608.79,135.21,8,5,bot
sess-bot-177,2025-09-25T16:47:58.133Z,2,191.13,322.39,2,1,bot
sess-j3lyiy,2025-09-26T16:23:19.563Z,79,671.46,316.35,0,0,human
sess-bot-368,2025-09-25T16:47:58.566Z,101,264.50,5.99,7,3,bot
sess-bot-13,2025-09-25T16:47:57.707Z,197,1054.62,458.52,10,1,bot
sess-rpb30z,2025-09-26T16:07:30.268Z,95,635.77,237.11,0,0,human
sess-bot-147,2025-09-25T16:47:58.043Z,114,91.17,416.39,10,1,bot
sess-hfgf7d,2025-09-26T12:02:12.666Z,12,11.65,0.00,0,0,human
sess-4275oq,2025-09-26T16:09:19.452Z,92,1338.04,883.78,0,0,human
sess-bot-233,2025-09-25T16:47:58.278Z,43,323.01,334.14,6,0,bot
sess-bot-18,2025-09-25T16:47:57.718Z,41,272.83,126.78,5,0,bot
sess-bot-15,2025-09-25T16:47:57.711Z,54,370.13,279.35,0,1,bot
sess-bot-444,2025-09-25T16:47:58.725Z,132,70.06,131.33,9,4,bot
sess-bot-0,2025-09-25T16:47:57.561Z,198,1029.95,21.92,10,1,bot
sess-grdepp,2025-09-26T13:48:22.469Z,108,2209.68,199.66,0,2,human
sess-bot-380,2025-09-25T16:47:58.589Z,75,396.11,432.55,0,1,bot
sess-7dcwof,2025-09-26T15:19:49.756Z,116,1453.21,460.41,0,0,human
sess-bot-92,2025-09-25T16:47:57.889Z,82,534.78,148.77,1,0,bot
sess-bot-395,2025-09-25T16:47:58.621Z,111,804.39,345.01,4,4,bot
sess-bot-467,2025-09-25T16:47:58.772Z,14,1011.07,466.90,1,1,bot
sess-k7t6xg,2025-09-26T15:38:15.589Z,88,539.00,220.75,0,0,human
sess-b8lgio,2025-09-26T15:16:52.982Z,222,4178.49,224.62,1,0,human
sess-bot-3,2025-09-25T16:47:57.611Z,175,207.48,363.88,8,1,bot
sess-bot-9,2025-09-25T16:47:57.699Z,37,354.11,301.07,4,2,bot
sess-bot-76,2025-09-25T16:47:57.849Z,22,1418.85,368.39,2,3,bot
sess-13ayso,2025-09-26T16:12:46.834Z,117,3946.14,1145.84,0,0,human
sess-qhz8we,2025-09-26T14:36:26.738Z,134,2894.90,249.76,0,2,human
sess-bot-158,2025-09-25T16:47:58.076Z,158,26.92,31.15,7,1,bot
sess-bot-311,2025-09-25T16:47:58.450Z,139,22.72,203.99,3,5,bot
sess-bot-242,2025-09-25T16:47:58.299Z,184,1152.57,236.06,1,4,bot
sess-bot-183,2025-09-25T16:47:58.150Z,107,1006.76,461.66,8,5,bot
sess-bot-17,2025-09-25T16:47:57.715Z,97,1067.05,146.16,5,0,bot
sess-hh05zz,2025-09-26T15:51:52.537Z,145,2070.19,214.33,0,0,human
sess-bot-71,2025-09-25T16:47:57.836Z,102,9.08,197.70,8,2,bot
sess-bot-182,2025-09-25T16:47:58.147Z,104,439.86,77.37,3,4,bot
sess-bot-394,2025-09-25T16:47:58.619Z,40,1117.63,354.42,9,2,bot
sess-bot-77,2025-09-25T16:47:57.852Z,145,714.77,165.93,3,0,bot
sess-bot-44,2025-09-25T16:47:57.777Z,191,364.63,342.42,6,5,bot
sess-6yejwk,2025-09-26T16:17:38.430Z,295,11553.05,243.23,1,0,human
sess-bot-10,2025-09-25T16:47:57.702Z,91,86.16,346.42,7,3,bot
sess-bot-23,2025-09-25T16:47:57.728Z,46,1364.35,79.45,0,0,bot
sess-lm4t9v,2025-09-26T16:04:40.299Z,14,180.41,0.00,0,0,human
sess-bot-144,2025-09-25T16:47:58.034Z,149,969.62,161.94,10,4,bot
sess-15p2rs,2025-09-26T14:01:06.822Z,117,759.10,293.33,0,0,human
sess-o7w9ai,2025-09-26T16:11:10.747Z,116,2036.82,344.76,0,0,human
sess-bot-135,2025-09-25T16:47:58.007Z,182,657.17,111.47,10,0,bot
sess-jjzchk,2025-09-26T13:56:40.013Z,153,805.66,190.72,0,0,human
sess-l18wj9,2025-09-26T13:35:46.653Z,0,0.00,86.00,0,0,human
sess-bot-482,2025-09-25T16:47:58.799Z,155,347.89,114.03,3,4,bot
sess-bot-74,2025-09-25T16:47:57.843Z,45,940.50,386.95,9,3,bot
sess-bot-128,2025-09-25T16:47:57.979Z,10,1447.15,308.51,3,5,bot
sess-h0fu0p,2025-09-26T15:52:27.778Z,142,1126.03,248.67,0,0,human
sess-jf3n7q,2025-09-26T12:40:42.381Z,150,768.89,238.31,1,0,human
sess-bot-166,2025-09-25T16:47:58.102Z,144,941.93,178.71,10,4,bot
sess-0hmopf,2025-09-26T12:46:06.867Z,172,1146.63,226.32,1,0,human
sess-bot-124,2025-09-25T16:47:57.968Z,67,1289.44,6.51,3,3,bot
sess-bot-187,2025-09-25T16:47:58.162Z,29,1139.80,448.39,5,4,bot
sess-bot-421,2025-09-25T16:47:58.675Z,78,634.60,280.76,0,2,bot
sess-qf9vyp,2025-09-26T16:21:40.672Z,112,1087.52,486.84,0,0,human
sess-bot-54,2025-09-25T16:47:57.797Z,199,1327.71,174.64,1,3,bot
sess-i5xc3i,2025-09-25T17:56:36.344Z,49,562.11,832.64,0,0,human
sess-bot-316,2025-09-25T16:47:58.459Z,37,753.82,192.77,5,2,bot
sess-bot-369,2025-09-25T16:47:58.568Z,134,293.60,339.68,1,2,bot
sess-bot-345,2025-09-25T16:47:58.519Z,22,1024.36,152.51,8,5,bot
sess-bot-193,2025-09-25T16:47:58.180Z,66,622.96,477.12,5,4,bot
sess-l6ckud,2025-09-26T15:23:44.232Z,415,11385.34,223.40,1,0,human
sess-bot-110,2025-09-25T16:47:57.933Z,181,90.58,266.92,6,0,bot
sess-7zjvws,2025-09-26T13:35:32.490Z,110,751.24,220.84,1,0,human
sess-bot-161,2025-09-25T16:47:58.086Z,81,1320.76,170.42,7,0,bot
sess-4rsi14,2025-09-26T15:53:24.648Z,184,2420.64,203.15,0,0,human
sess-bot-112,2025-09-25T16:47:57.938Z,113,1461.21,137.27,1,3,bot
sess-bot-439,2025-09-25T16:47:58.714Z,35,1309.19,397.90,10,5,bot
sess-bot-350,2025-09-25T16:47:58.528Z,69,1444.89,244.50,2,2,bot
sess-o92su7,2025-09-26T16:32:29.487Z,164,2614.69,397.04,0,0,human
sess-gi1tep,2025-09-26T16:43:00.685Z,210,675.17,235.23,0,0,human
sess-bot-221,2025-09-25T16:47:58.254Z,172,1289.14,52.77,5,2,bot
sess-bot-70,2025-09-25T16:47:57.834Z,145,936.28,316.78,2,2,bot
sess-bot-60,2025-09-25T16:47:57.811Z,143,89.65,391.05,10,2,bot
sess-o8i9rs,2025-09-26T12:45:47.787Z,292,1148.47,230.07,1,0,human
sess-bot-109,2025-09-25T16:47:57.930Z,15,1192.97,222.00,0,3,bot
sess-6rck0t,2025-09-26T13:36:50.778Z,196,2861.17,217.23,0,0,human
sess-bot-473,2025-09-25T16:47:58.783Z,140,1390.63,245.71,7,3,bot
sess-bot-430,2025-09-25T16:47:58.695Z,6,660.05,265.82,3,5,bot
sess-1tqrin,2025-09-26T13:07:17.741Z,179,2003.73,217.08,0,0,human
sess-bot-354,2025-09-25T16:47:58.537Z,44,572.56,169.20,7,5,bot
sess-s6k0yo,2025-09-26T12:33:39.460Z,305,1357.21,209.66,0,0,human
sess-bot-351,2025-09-25T16:47:58.530Z,40,85.08,476.00,7,0,bot
sess-vyfelq,2025-09-26T15:55:54.429Z,216,2935.54,224.09,1,0,human
sess-bot-212,2025-09-25T16:47:58.231Z,93,1217.14,75.77,10,0,bot
sess-f3683s,2025-09-26T13:35:05.418Z,171,2959.64,0.00,12,0,human
sess-bot-152,2025-09-25T16:47:58.058Z,84,495.69,155.71,4,4,bot
sess-bot-91,2025-09-25T16:47:57.886Z,155,954.08,365.70,4,3,bot
sess-3gxflb,2025-09-26T15:22:42.603Z,170,1233.66,189.22,1,0,human
sess-bot-349,2025-09-25T16:47:58.526Z,18,303.25,391.55,8,4,bot
sess-bot-471,2025-09-25T16:47:58.778Z,197,69.96,383.07,9,1,bot
sess-bot-93,2025-09-25T16:47:57.891Z,104,282.68,264.65,3,0,bot
sess-lx81h2,2025-09-26T12:32:35.314Z,139,4058.56,0.00,35,4,human
sess-blcf6b,2025-09-25T16:35:45.428Z,112,509.63,0.00,0,0,human
sess-h2awpz,2025-09-26T01:41:35.569Z,140,3972.43,933.25,0,2,human
sess-aug81n,2025-09-26T13:48:04.791Z,109,747.04,180.40,0,0,human
sess-bot-200,2025-09-25T16:47:58.201Z,157,481.93,196.75,0,2,bot
sess-7cxjr7,2025-09-26T14:19:47.214Z,106,1556.55,446.35,1,0,human
sess-bot-483,2025-09-25T16:47:58.801Z,26,1105.01,429.96,0,2,bot
sess-46jnio,2025-09-26T15:24:29.064Z,131,761.26,175.69,1,0,human
sess-bot-417,2025-09-25T16:47:58.667Z,94,1172.73,207.84,0,4,bot
sess-bot-419,2025-09-25T16:47:58.671Z,35,36.95,320.42,10,3,bot
sess-bot-361,2025-09-25T16:47:58.551Z,157,1074.49,457.30,0,1,bot
sess-33noqy,2025-09-26T15:12:01.439Z,236,1156.53,349.91,0,0,human
sess-4fcqf0,2025-09-26T13:35:45.842Z,0,0.00,92.67,0,0,human
sess-bot-234,2025-09-25T16:47:58.283Z,44,99.06,100.98,5,5,bot
sess-bot-230,2025-09-25T16:47:58.269Z,165,1053.79,86.95,5,4,bot
sess-ii52y5,2025-09-26T16:23:05.423Z,89,2021.68,247.34,0,0,human
sess-rzbx38,2025-09-26T13:57:05.662Z,226,1874.64,784.04,0,0,human
sess-rkdrj5,2025-09-26T16:19:17.349Z,76,1304.67,0.00,0,2,human
sess-ieqodp,2025-09-25T17:54:11.804Z,177,2507.24,7210.15,0,0,human
sess-bot-325,2025-09-25T16:47:58.478Z,148,630.04,266.74,2,3,bot
sess-bot-362,2025-09-25T16:47:58.553Z,152,1096.06,178.82,5,3,bot
sess-bot-442,2025-09-25T16:47:58.722Z,33,184.10,239.87,0,0,bot
sess-crvn40,2025-09-26T16:18:13.564Z,133,1760.26,238.48,1,2,human
sess-bot-456,2025-09-25T16:47:58.752Z,48,400.54,55.92,2,1,bot
sess-bot-84,2025-09-25T16:47:57.869Z,60,270.51,148.62,7,3,bot
sess-bot-100,2025-09-25T16:47:57.907Z,180,763.11,324.19,9,0,bot
sess-ppj7s6,2025-09-26T16:38:22.992Z,37,187.22,265.38,0,0,human
sess-bot-217,2025-09-25T16:47:58.244Z,9,314.37,33.78,8,0,bot
sess-bot-319,2025-09-25T16:47:58.466Z,79,516.59,41.29,3,5,bot
sess-bot-453,2025-09-25T16:47:58.745Z,190,435.22,34.72,3,5,bot
sess-3kiy3i,2025-09-26T13:44:44.488Z,100,831.81,170.23,0,0,human
sess-31pdj0,2025-09-26T16:47:51.913Z,261,1095.96,323.16,0,0,human
sess-59ltpy,2025-09-26T13:09:07.786Z,90,2632.48,0.00,0,0,human
sess-bot-363,2025-09-25T16:47:58.555Z,125,545.12,412.19,1,3,bot
sess-e6on99,2025-09-26T16:06:09.714Z,106,2808.85,360.11,0,0,human
sess-bot-190,2025-09-25T16:47:58.171Z,83,736.81,213.09,1,1,bot
sess-i0und8,2025-09-26T16:33:05.613Z,64,1019.93,981.00,1,0,human
sess-bot-103,2025-09-25T16:47:57.915Z,24,976.63,333.07,7,5,bot
sess-gxelzp,2025-09-26T13:44:31.255Z,87,2064.39,190.49,0,2,human
sess-62xnao,2025-09-26T12:36:06.179Z,178,934.13,233.30,1,0,human
sess-ti9kg7,2025-09-26T16:49:45.888Z,275,3828.68,1810.79,0,0,human
sess-4dkk27,2025-09-26T13:09:24.540Z,277,1661.36,290.78,0,0,human
sess-bot-89,2025-09-25T16:47:57.881Z,50,676.50,257.77,7,3,bot
sess-bot-466,2025-09-25T16:47:58.770Z,125,708.86,215.02,4,5,bot
sess-qxnt2p,2025-09-26T13:50:30.874Z,163,891.73,250.20,0,0,human
sess-xzy531,2025-09-26T13:54:52.603Z,126,1141.38,219.16,0,0,human
sess-bot-298,2025-09-25T16:47:58.423Z,82,582.45,10.13,8,4,bot
sess-w72kla,2025-09-26T16:56:24.592Z,171,2479.26,0.00,22,4,human
sess-kbs0dl,2025-09-26T16:50:11.185Z,430,3662.32,180.58,1,0,human
sess-bot-115,2025-09-25T16:47:57.945Z,187,818.33,380.49,7,2,bot
sess-4pfkte,2025-09-26T16:48:07.724Z,232,1043.41,254.54,1,0,human
sess-bot-69,2025-09-25T16:47:57.830Z,184,1266.15,491.53,10,4,bot
sess-bot-401,2025-09-25T16:47:58.635Z,102,1384.61,104.22,3,0,bot
sess-0awo90,2025-09-26T15:50:55.200Z,212,1896.08,192.53,11,0,human
sess-wqdwyf,2025-09-26T16:51:31.802Z,197,739.52,295.96,0,0,human
sess-zmi28e,2025-09-26T13:07:49.258Z,117,308.39,0.00,0,0,human
sess-bot-114,2025-09-25T16:47:57.943Z,148,616.15,194.25,10,0,bot
sess-f8wgcr,2025-09-26T13:50:19.402Z,179,1052.08,240.93,0,0,human
sess-xfhcdg,2025-09-26T12:32:50.415Z,280,1068.03,338.19,0,0,human
sess-bot-333,2025-09-25T16:47:58.494Z,182,64.69,442.32,3,5,bot
sess-bnqtpm,2025-09-26T14:00:47.867Z,190,2269.07,410.23,0,0,human
sess-64xmky,2025-09-26T13:47:09.876Z,42,1803.99,0.00,0,0,human
sess-sz9btk,2025-09-26T12:34:22.543Z,170,765.18,261.73,0,0,human
sess-fg2f2n,2025-09-26T12:48:38.936Z,142,685.28,210.93,0,0,human
sess-cg1b8b,2025-09-26T13:08:45.848Z,303,3181.95,1618.53,0,0,human
sess-bot-191,2025-09-25T16:47:58.174Z,146,105.63,25.50,4,0,bot
sess-bot-72,2025-09-25T16:47:57.838Z,56,210.89,202.04,10,4,bot
sess-bot-0,2025-09-25T16:48:40.451Z,71,1471.24,58.71,6,2,bot
sess-bot-78,2025-09-25T16:47:57.854Z,100,1198.00,316.78,6,3,bot
sess-bot-198,2025-09-25T16:47:58.195Z,185,769.02,387.42,6,0,bot
sess-8hboc4,2025-09-26T13:13:50.024Z,167,1674.98,206.34,0,0,human
sess-jyni6y,2025-09-26T13:12:22.772Z,199,1751.31,231.74,0,0,human
sess-bot-418,2025-09-25T16:47:58.669Z,30,655.68,87.86,9,0,bot
sess-2rsq4u,2025-09-26T13:13:10.947Z,127,830.18,278.52,1,0,human
sess-bot-101,2025-09-25T16:47:57.909Z,69,1206.77,30.55,1,4,bot
sess-ychqgg,2025-09-26T13:45:00.495Z,76,664.92,312.41,0,0,human
sess-wb80s0,2025-09-26T13:14:04.679Z,161,817.55,210.09,1,0,human
sess-mksx0j,2025-09-26T13:59:36.744Z,148,877.53,320.50,0,0,human
sess-bot-486,2025-09-25T16:47:58.807Z,8,822.51,215.83,8,5,bot
sess-trg75x,2025-09-25T17:47:46.775Z,69,1050.72,304.75,0,4,human
sess-bot-86,2025-09-25T16:47:57.874Z,118,91.13,127.01,2,0,bot
sess-bot-47,2025-09-25T16:47:57.784Z,16,786.00,306.66,2,3,bot
sess-d4uyp0,2025-09-26T13:45:45.796Z,3,10.45,0.00,0,0,human
sess-bot-173,2025-09-25T16:47:58.122Z,29,748.88,312.68,9,0,bot
sess-bot-332,2025-09-25T16:47:58.492Z,145,483.32,404.97,9,4,bot
sess-bot-359,2025-09-25T16:47:58.547Z,26,970.92,255.17,6,5,bot